key,status,value,used_exact,dynamic_risk,builtin_risk,runtime_value_seen,exact_files,runtime_pages,notes
accessibility.close,used_exact,Close,True,False,False,True,snippets/header--predictive-search.liquid; sections/s--find-your-cable.liquid; sections/password--header.liquid,https://voldt.it/products/cavo-di-ricarica-presa-comando-rossa-tipo-2-32a-trifase-regolabile-8a-32a-22kw; https://voldt.it/products/cavo-di-ricarica-presa-comando-tipo-da-2-a-16a-monofase-regolabile-8a-16a-3-7kw-ev; https://voldt.it/products/tipo-2-cee-modalita-3-regolabile-8a-16a-11kw; https://voldt.it/products/tipo-2-schuko-8a-16a-37kw; https://voldt.it/products/tipo-2-tipo-2-modalita-3-16a-11kw; https://voldt.it/products/tipo-2-tipo-2-modalita-3-32a-22kw,Exact key path found in source files; Translated value found in fetched storefront HTML
accessibility.error,used_exact,Error,True,False,False,True,sections/password--header.liquid,https://voldt.it/; https://voldt.it/cart; https://voldt.it/collections/all; https://voldt.it/search?q=zzzzunlikelyquery&type=product&page=1; https://voldt.it/blogs/notizie; https://voldt.it/pages/faq; https://voldt.it/pages/diventare-partner; https://voldt.it/pages/reso-gratuito; https://voldt.it/products/cavo-di-ricarica-presa-comando-rossa-tipo-2-32a-trifase-regolabile-8a-32a-22kw; https://voldt.it/products/cavo-di-ricarica-presa-comando-tipo-da-2-a-16a-monofase-regolabile-8a-16a-3-7kw-ev; https://voldt.it/products/tipo-2-cee-modalita-3-regolabile-8a-16a-11kw; https://voldt.it/products/tipo-2-schuko-8a-16a-37kw; https://voldt.it/products/tipo-2-tipo-2-modalita-3-16a-11kw; https://voldt.it/products/tipo-2-tipo-2-modalita-3-32a-22kw; https://voldt.it/pages/algemeen; https://voldt.it/pages/autos; https://voldt.it/pages/garantie-en-reclamatie; https://voldt.it/pages/impressum; https://voldt.it/pages/in-quali-paesi-viaggiate-con-il-vostro-veicolo-elettrico; https://voldt.it/pages/informatie-levering; https://voldt.it/blogs/notizie/come-la-sezione-del-cavo-influisce-sulla-velocita-e-sulla-sicurezza-della-ricarica-ev; https://voldt.it/blogs/notizie/come-la-temperatura-influisce-sul-tuo-cavo-di-ricarica-per-veicoli-elettrici; https://voldt.it/blogs/notizie/perche-i-cavi-di-ricarica-ev-certificati-vengono-testati-singolarmente-prima-della-spedizione; https://voldt.it/blogs/notizie/perche-i-conducenti-di-ve-scelgono-cavi-di-ricarica-32a; https://voldt.it/blogs/notizie/quale-cavo-di-ricarica-dovrei-scegliere; https://voldt.it/blogs/notizie/tipi-di-cavi-di-ricarica-per-auto-elettriche-guida-completa,Exact key path found in source files; Translated value found in fetched storefront HTML
accessibility.link_messages.new_window,used_exact,Opens in a new window.,True,False,False,False,templates/gift_card.liquid,,Exact key path found in source files
accessibility.loading,used_exact,Loading...,True,False,False,True,snippets/cart--items.liquid; snippets/header--predictive-search.liquid; snippets/m--quantity-atc.liquid; snippets/_script-variables.liquid,https://voldt.it/; https://voldt.it/cart; https://voldt.it/collections/all; https://voldt.it/search?q=zzzzunlikelyquery&type=product&page=1; https://voldt.it/blogs/notizie; https://voldt.it/pages/faq; https://voldt.it/pages/diventare-partner; https://voldt.it/pages/reso-gratuito; https://voldt.it/products/cavo-di-ricarica-presa-comando-rossa-tipo-2-32a-trifase-regolabile-8a-32a-22kw; https://voldt.it/products/cavo-di-ricarica-presa-comando-tipo-da-2-a-16a-monofase-regolabile-8a-16a-3-7kw-ev; https://voldt.it/products/tipo-2-cee-modalita-3-regolabile-8a-16a-11kw; https://voldt.it/products/tipo-2-schuko-8a-16a-37kw; https://voldt.it/products/tipo-2-tipo-2-modalita-3-16a-11kw; https://voldt.it/products/tipo-2-tipo-2-modalita-3-32a-22kw; https://voldt.it/pages/algemeen; https://voldt.it/pages/autos; https://voldt.it/pages/garantie-en-reclamatie; https://voldt.it/pages/impressum; https://voldt.it/pages/in-quali-paesi-viaggiate-con-il-vostro-veicolo-elettrico; https://voldt.it/pages/informatie-levering; https://voldt.it/blogs/notizie/come-la-sezione-del-cavo-influisce-sulla-velocita-e-sulla-sicurezza-della-ricarica-ev; https://voldt.it/blogs/notizie/come-la-temperatura-influisce-sul-tuo-cavo-di-ricarica-per-veicoli-elettrici; https://voldt.it/blogs/notizie/perche-i-cavi-di-ricarica-ev-certificati-vengono-testati-singolarmente-prima-della-spedizione; https://voldt.it/blogs/notizie/perche-i-conducenti-di-ve-scelgono-cavi-di-ricarica-32a; https://voldt.it/blogs/notizie/quale-cavo-di-ricarica-dovrei-scegliere; https://voldt.it/blogs/notizie/tipi-di-cavi-di-ricarica-per-auto-elettriche-guida-completa,Exact key path found in source files; Translated value found in fetched storefront HTML
accessibility.skip_to_text,used_exact,Skip to content,True,False,False,False,layout/theme.liquid; layout/password.liquid,,Exact key path found in source files
accessibility.star_reviews_info,used_exact,{{ rating_value }} out of {{ rating_max }} stars,True,False,False,False,snippets/product--rating.liquid,,Exact key path found in source files
accessibility.total_reviews,used_exact,Total reviews,True,False,False,False,snippets/product--rating.liquid,,Exact key path found in source files
accessibility.unit_price_separator,runtime_value_seen,per,False,False,False,True,,https://voldt.it/; https://voldt.it/cart; https://voldt.it/collections/all; https://voldt.it/search?q=zzzzunlikelyquery&type=product&page=1; https://voldt.it/blogs/notizie; https://voldt.it/pages/faq; https://voldt.it/pages/diventare-partner; https://voldt.it/pages/reso-gratuito; https://voldt.it/products/cavo-di-ricarica-presa-comando-rossa-tipo-2-32a-trifase-regolabile-8a-32a-22kw; https://voldt.it/products/cavo-di-ricarica-presa-comando-tipo-da-2-a-16a-monofase-regolabile-8a-16a-3-7kw-ev; https://voldt.it/products/tipo-2-cee-modalita-3-regolabile-8a-16a-11kw; https://voldt.it/products/tipo-2-schuko-8a-16a-37kw; https://voldt.it/products/tipo-2-tipo-2-modalita-3-16a-11kw; https://voldt.it/products/tipo-2-tipo-2-modalita-3-32a-22kw; https://voldt.it/pages/algemeen; https://voldt.it/pages/autos; https://voldt.it/pages/garantie-en-reclamatie; https://voldt.it/pages/impressum; https://voldt.it/pages/in-quali-paesi-viaggiate-con-il-vostro-veicolo-elettrico; https://voldt.it/pages/informatie-levering; https://voldt.it/blogs/notizie/come-la-sezione-del-cavo-influisce-sulla-velocita-e-sulla-sicurezza-della-ricarica-ev; https://voldt.it/blogs/notizie/come-la-temperatura-influisce-sul-tuo-cavo-di-ricarica-per-veicoli-elettrici; https://voldt.it/blogs/notizie/perche-i-cavi-di-ricarica-ev-certificati-vengono-testati-singolarmente-prima-della-spedizione; https://voldt.it/blogs/notizie/perche-i-conducenti-di-ve-scelgono-cavi-di-ricarica-32a; https://voldt.it/blogs/notizie/quale-cavo-di-ricarica-dovrei-scegliere; https://voldt.it/blogs/notizie/tipi-di-cavi-di-ricarica-per-auto-elettriche-guida-completa,Translated value found in fetched storefront HTML
blogs.article.email,runtime_value_seen,Email,False,False,False,True,,https://voldt.it/pages/diventare-partner; https://voldt.it/pages/reso-gratuito; https://voldt.it/products/cavo-di-ricarica-presa-comando-rossa-tipo-2-32a-trifase-regolabile-8a-32a-22kw; https://voldt.it/products/cavo-di-ricarica-presa-comando-tipo-da-2-a-16a-monofase-regolabile-8a-16a-3-7kw-ev; https://voldt.it/products/tipo-2-cee-modalita-3-regolabile-8a-16a-11kw; https://voldt.it/products/tipo-2-schuko-8a-16a-37kw; https://voldt.it/products/tipo-2-tipo-2-modalita-3-16a-11kw; https://voldt.it/products/tipo-2-tipo-2-modalita-3-32a-22kw,Translated value found in fetched storefront HTML
blogs.article.name,runtime_value_seen,Name,False,False,False,True,,https://voldt.it/; https://voldt.it/cart; https://voldt.it/collections/all; https://voldt.it/search?q=zzzzunlikelyquery&type=product&page=1; https://voldt.it/blogs/notizie; https://voldt.it/pages/faq; https://voldt.it/pages/diventare-partner; https://voldt.it/pages/reso-gratuito; https://voldt.it/products/cavo-di-ricarica-presa-comando-rossa-tipo-2-32a-trifase-regolabile-8a-32a-22kw; https://voldt.it/products/cavo-di-ricarica-presa-comando-tipo-da-2-a-16a-monofase-regolabile-8a-16a-3-7kw-ev; https://voldt.it/products/tipo-2-cee-modalita-3-regolabile-8a-16a-11kw; https://voldt.it/products/tipo-2-schuko-8a-16a-37kw; https://voldt.it/products/tipo-2-tipo-2-modalita-3-16a-11kw; https://voldt.it/products/tipo-2-tipo-2-modalita-3-32a-22kw; https://voldt.it/pages/algemeen; https://voldt.it/pages/autos; https://voldt.it/pages/garantie-en-reclamatie; https://voldt.it/pages/impressum; https://voldt.it/pages/in-quali-paesi-viaggiate-con-il-vostro-veicolo-elettrico; https://voldt.it/pages/informatie-levering; https://voldt.it/blogs/notizie/come-la-sezione-del-cavo-influisce-sulla-velocita-e-sulla-sicurezza-della-ricarica-ev; https://voldt.it/blogs/notizie/come-la-temperatura-influisce-sul-tuo-cavo-di-ricarica-per-veicoli-elettrici; https://voldt.it/blogs/notizie/perche-i-cavi-di-ricarica-ev-certificati-vengono-testati-singolarmente-prima-della-spedizione; https://voldt.it/blogs/notizie/perche-i-conducenti-di-ve-scelgono-cavi-di-ricarica-32a; https://voldt.it/blogs/notizie/quale-cavo-di-ricarica-dovrei-scegliere; https://voldt.it/blogs/notizie/tipi-di-cavi-di-ricarica-per-auto-elettriche-guida-completa,Translated value found in fetched storefront HTML
blogs.article.read_more,used_exact,Read more,True,False,False,False,snippets/m--article-card.liquid,,Exact key path found in source files
collections.faceting.price_filter_from,used_exact,Price from,True,False,False,False,snippets/filter--price-range.liquid,,Exact key path found in source files
collections.faceting.price_filter_to,used_exact,Price to,True,False,False,False,snippets/filter--price-range.liquid,,Exact key path found in source files
collections.faceting.price_range_to,used_exact,to,True,False,False,True,snippets/filter--price-range.liquid,https://voldt.it/; https://voldt.it/cart; https://voldt.it/collections/all; https://voldt.it/search?q=zzzzunlikelyquery&type=product&page=1; https://voldt.it/blogs/notizie; https://voldt.it/pages/faq; https://voldt.it/pages/diventare-partner; https://voldt.it/pages/reso-gratuito; https://voldt.it/products/cavo-di-ricarica-presa-comando-rossa-tipo-2-32a-trifase-regolabile-8a-32a-22kw; https://voldt.it/products/cavo-di-ricarica-presa-comando-tipo-da-2-a-16a-monofase-regolabile-8a-16a-3-7kw-ev; https://voldt.it/products/tipo-2-cee-modalita-3-regolabile-8a-16a-11kw; https://voldt.it/products/tipo-2-schuko-8a-16a-37kw; https://voldt.it/products/tipo-2-tipo-2-modalita-3-16a-11kw; https://voldt.it/products/tipo-2-tipo-2-modalita-3-32a-22kw; https://voldt.it/pages/algemeen; https://voldt.it/pages/autos; https://voldt.it/pages/garantie-en-reclamatie; https://voldt.it/pages/impressum; https://voldt.it/pages/in-quali-paesi-viaggiate-con-il-vostro-veicolo-elettrico; https://voldt.it/pages/informatie-levering; https://voldt.it/blogs/notizie/come-la-sezione-del-cavo-influisce-sulla-velocita-e-sulla-sicurezza-della-ricarica-ev; https://voldt.it/blogs/notizie/come-la-temperatura-influisce-sul-tuo-cavo-di-ricarica-per-veicoli-elettrici; https://voldt.it/blogs/notizie/perche-i-cavi-di-ricarica-ev-certificati-vengono-testati-singolarmente-prima-della-spedizione; https://voldt.it/blogs/notizie/perche-i-conducenti-di-ve-scelgono-cavi-di-ricarica-32a; https://voldt.it/blogs/notizie/quale-cavo-di-ricarica-dovrei-scegliere; https://voldt.it/blogs/notizie/tipi-di-cavi-di-ricarica-per-auto-elettriche-guida-completa,Exact key path found in source files; Translated value found in fetched storefront HTML
collections.filters_ui.all_filters,used_exact,All Filters,True,False,False,False,snippets/m--filters.liquid,,Exact key path found in source files
collections.filters_ui.clear_all,used_exact,Clear All,True,False,False,False,snippets/m--filters.liquid,,Exact key path found in source files
collections.filters_ui.close_filters,used_exact,Close filters,True,False,False,False,snippets/cart--main.liquid; snippets/m--filters.liquid,,Exact key path found in source files
collections.filters_ui.filter,used_exact,Filter,True,False,False,True,snippets/m--filters.liquid,https://voldt.it/; https://voldt.it/cart; https://voldt.it/collections/all; https://voldt.it/search?q=zzzzunlikelyquery&type=product&page=1; https://voldt.it/blogs/notizie; https://voldt.it/pages/faq; https://voldt.it/pages/diventare-partner; https://voldt.it/pages/reso-gratuito; https://voldt.it/products/cavo-di-ricarica-presa-comando-rossa-tipo-2-32a-trifase-regolabile-8a-32a-22kw; https://voldt.it/products/cavo-di-ricarica-presa-comando-tipo-da-2-a-16a-monofase-regolabile-8a-16a-3-7kw-ev; https://voldt.it/products/tipo-2-cee-modalita-3-regolabile-8a-16a-11kw; https://voldt.it/products/tipo-2-schuko-8a-16a-37kw; https://voldt.it/products/tipo-2-tipo-2-modalita-3-16a-11kw; https://voldt.it/products/tipo-2-tipo-2-modalita-3-32a-22kw; https://voldt.it/pages/algemeen; https://voldt.it/pages/autos; https://voldt.it/pages/garantie-en-reclamatie; https://voldt.it/pages/impressum; https://voldt.it/pages/in-quali-paesi-viaggiate-con-il-vostro-veicolo-elettrico; https://voldt.it/pages/informatie-levering; https://voldt.it/blogs/notizie/come-la-sezione-del-cavo-influisce-sulla-velocita-e-sulla-sicurezza-della-ricarica-ev; https://voldt.it/blogs/notizie/come-la-temperatura-influisce-sul-tuo-cavo-di-ricarica-per-veicoli-elettrici; https://voldt.it/blogs/notizie/perche-i-cavi-di-ricarica-ev-certificati-vengono-testati-singolarmente-prima-della-spedizione; https://voldt.it/blogs/notizie/perche-i-conducenti-di-ve-scelgono-cavi-di-ricarica-32a; https://voldt.it/blogs/notizie/quale-cavo-di-ricarica-dovrei-scegliere; https://voldt.it/blogs/notizie/tipi-di-cavi-di-ricarica-per-auto-elettriche-guida-completa,Exact key path found in source files; Translated value found in fetched storefront HTML
collections.filters_ui.filter_by,used_exact,Filter by,True,False,False,False,snippets/m--filters.liquid,,Exact key path found in source files
collections.filters_ui.quick_filter,used_exact,Quick Filter,True,False,False,False,snippets/m--filters.liquid,,Exact key path found in source files
collections.filters_ui.sort,used_exact,Sort,True,False,False,True,snippets/m--filters.liquid,https://voldt.it/; https://voldt.it/cart; https://voldt.it/collections/all; https://voldt.it/search?q=zzzzunlikelyquery&type=product&page=1; https://voldt.it/blogs/notizie; https://voldt.it/pages/faq; https://voldt.it/pages/diventare-partner; https://voldt.it/pages/reso-gratuito; https://voldt.it/products/cavo-di-ricarica-presa-comando-rossa-tipo-2-32a-trifase-regolabile-8a-32a-22kw; https://voldt.it/products/cavo-di-ricarica-presa-comando-tipo-da-2-a-16a-monofase-regolabile-8a-16a-3-7kw-ev; https://voldt.it/products/tipo-2-cee-modalita-3-regolabile-8a-16a-11kw; https://voldt.it/products/tipo-2-schuko-8a-16a-37kw; https://voldt.it/products/tipo-2-tipo-2-modalita-3-16a-11kw; https://voldt.it/products/tipo-2-tipo-2-modalita-3-32a-22kw; https://voldt.it/pages/algemeen; https://voldt.it/pages/autos; https://voldt.it/pages/garantie-en-reclamatie; https://voldt.it/pages/impressum; https://voldt.it/pages/in-quali-paesi-viaggiate-con-il-vostro-veicolo-elettrico; https://voldt.it/pages/informatie-levering; https://voldt.it/blogs/notizie/come-la-sezione-del-cavo-influisce-sulla-velocita-e-sulla-sicurezza-della-ricarica-ev; https://voldt.it/blogs/notizie/come-la-temperatura-influisce-sul-tuo-cavo-di-ricarica-per-veicoli-elettrici; https://voldt.it/blogs/notizie/perche-i-cavi-di-ricarica-ev-certificati-vengono-testati-singolarmente-prima-della-spedizione; https://voldt.it/blogs/notizie/perche-i-conducenti-di-ve-scelgono-cavi-di-ricarica-32a; https://voldt.it/blogs/notizie/quale-cavo-di-ricarica-dovrei-scegliere; https://voldt.it/blogs/notizie/tipi-di-cavi-di-ricarica-per-auto-elettriche-guida-completa,Exact key path found in source files; Translated value found in fetched storefront HTML
collections.filters_ui.sort_options,used_exact,Sort options,True,False,False,False,snippets/m--filters.liquid,,Exact key path found in source files
collections.filters_ui.view_with_count,used_exact,View ({{ count }}),True,False,False,False,snippets/m--filters.liquid,,Exact key path found in source files
customer.help_center.faq,used_exact,FAQ,True,False,True,True,sections/faq--main.liquid,https://voldt.it/; https://voldt.it/cart; https://voldt.it/collections/all; https://voldt.it/search?q=zzzzunlikelyquery&type=product&page=1; https://voldt.it/blogs/notizie; https://voldt.it/pages/faq; https://voldt.it/pages/diventare-partner; https://voldt.it/pages/reso-gratuito; https://voldt.it/products/cavo-di-ricarica-presa-comando-rossa-tipo-2-32a-trifase-regolabile-8a-32a-22kw; https://voldt.it/products/cavo-di-ricarica-presa-comando-tipo-da-2-a-16a-monofase-regolabile-8a-16a-3-7kw-ev; https://voldt.it/products/tipo-2-cee-modalita-3-regolabile-8a-16a-11kw; https://voldt.it/products/tipo-2-schuko-8a-16a-37kw; https://voldt.it/products/tipo-2-tipo-2-modalita-3-16a-11kw; https://voldt.it/products/tipo-2-tipo-2-modalita-3-32a-22kw; https://voldt.it/pages/algemeen; https://voldt.it/pages/autos; https://voldt.it/pages/garantie-en-reclamatie; https://voldt.it/pages/impressum; https://voldt.it/pages/in-quali-paesi-viaggiate-con-il-vostro-veicolo-elettrico; https://voldt.it/pages/informatie-levering; https://voldt.it/blogs/notizie/come-la-sezione-del-cavo-influisce-sulla-velocita-e-sulla-sicurezza-della-ricarica-ev; https://voldt.it/blogs/notizie/come-la-temperatura-influisce-sul-tuo-cavo-di-ricarica-per-veicoli-elettrici; https://voldt.it/blogs/notizie/perche-i-cavi-di-ricarica-ev-certificati-vengono-testati-singolarmente-prima-della-spedizione; https://voldt.it/blogs/notizie/perche-i-conducenti-di-ve-scelgono-cavi-di-ricarica-32a; https://voldt.it/blogs/notizie/quale-cavo-di-ricarica-dovrei-scegliere; https://voldt.it/blogs/notizie/tipi-di-cavi-di-ricarica-per-auto-elettriche-guida-completa,Exact key path found in source files; Looks like a Shopify/platform or built-in component key; Translated value found in fetched storefront HTML
customer.help_center.faq_search_aria,used_exact,Search FAQs,True,False,True,False,sections/faq--main.liquid,,Exact key path found in source files; Looks like a Shopify/platform or built-in component key
customer.help_center.faq_search_label,used_exact,Search in FAQ,True,False,True,False,sections/faq--main.liquid,,Exact key path found in source files; Looks like a Shopify/platform or built-in component key
customer.help_center.faq_search_prompt,used_exact,What are you looking for?,True,False,True,False,sections/faq--main.liquid,,Exact key path found in source files; Looks like a Shopify/platform or built-in component key
customer.login_page.forgot_password,used_exact,Forgot your password?,True,False,True,False,snippets/a--input.liquid,,Exact key path found in source files; Looks like a Shopify/platform or built-in component key
customer.login_page.password,used_exact,Password,True,False,True,False,snippets/a--input.liquid,,Exact key path found in source files; Looks like a Shopify/platform or built-in component key
customer.login_page.password_error,used_exact,Your password must be at least 6.,True,False,True,False,snippets/a--input.liquid,,Exact key path found in source files; Looks like a Shopify/platform or built-in component key
footer.back_to_top,used_exact,Back to top,True,False,False,False,sections/footer.liquid,,Exact key path found in source files
footer.contact,used_exact,Contact,True,False,False,True,sections/footer.liquid,https://voldt.it/; https://voldt.it/cart; https://voldt.it/collections/all; https://voldt.it/search?q=zzzzunlikelyquery&type=product&page=1; https://voldt.it/blogs/notizie; https://voldt.it/pages/faq; https://voldt.it/pages/diventare-partner; https://voldt.it/pages/reso-gratuito; https://voldt.it/products/cavo-di-ricarica-presa-comando-rossa-tipo-2-32a-trifase-regolabile-8a-32a-22kw; https://voldt.it/products/cavo-di-ricarica-presa-comando-tipo-da-2-a-16a-monofase-regolabile-8a-16a-3-7kw-ev; https://voldt.it/products/tipo-2-cee-modalita-3-regolabile-8a-16a-11kw; https://voldt.it/products/tipo-2-schuko-8a-16a-37kw; https://voldt.it/products/tipo-2-tipo-2-modalita-3-16a-11kw; https://voldt.it/products/tipo-2-tipo-2-modalita-3-32a-22kw; https://voldt.it/pages/algemeen; https://voldt.it/pages/autos; https://voldt.it/pages/garantie-en-reclamatie; https://voldt.it/pages/impressum; https://voldt.it/pages/in-quali-paesi-viaggiate-con-il-vostro-veicolo-elettrico; https://voldt.it/pages/informatie-levering; https://voldt.it/blogs/notizie/come-la-sezione-del-cavo-influisce-sulla-velocita-e-sulla-sicurezza-della-ricarica-ev; https://voldt.it/blogs/notizie/come-la-temperatura-influisce-sul-tuo-cavo-di-ricarica-per-veicoli-elettrici; https://voldt.it/blogs/notizie/perche-i-cavi-di-ricarica-ev-certificati-vengono-testati-singolarmente-prima-della-spedizione; https://voldt.it/blogs/notizie/perche-i-conducenti-di-ve-scelgono-cavi-di-ricarica-32a; https://voldt.it/blogs/notizie/quale-cavo-di-ricarica-dovrei-scegliere; https://voldt.it/blogs/notizie/tipi-di-cavi-di-ricarica-per-auto-elettriche-guida-completa,Exact key path found in source files; Translated value found in fetched storefront HTML
footer.follow_us,used_exact,Follow us,True,False,False,False,sections/footer.liquid,,Exact key path found in source files
general.account.addresses,builtin_risk,Addresses,False,False,True,False,,,Looks like a Shopify/platform or built-in component key
general.account.details,builtin_risk,Details,False,False,True,True,,https://voldt.it/; https://voldt.it/cart; https://voldt.it/collections/all; https://voldt.it/search?q=zzzzunlikelyquery&type=product&page=1; https://voldt.it/blogs/notizie; https://voldt.it/pages/faq; https://voldt.it/pages/diventare-partner; https://voldt.it/pages/reso-gratuito; https://voldt.it/products/cavo-di-ricarica-presa-comando-rossa-tipo-2-32a-trifase-regolabile-8a-32a-22kw; https://voldt.it/products/cavo-di-ricarica-presa-comando-tipo-da-2-a-16a-monofase-regolabile-8a-16a-3-7kw-ev; https://voldt.it/products/tipo-2-cee-modalita-3-regolabile-8a-16a-11kw; https://voldt.it/products/tipo-2-schuko-8a-16a-37kw; https://voldt.it/products/tipo-2-tipo-2-modalita-3-16a-11kw; https://voldt.it/products/tipo-2-tipo-2-modalita-3-32a-22kw; https://voldt.it/pages/algemeen; https://voldt.it/pages/autos; https://voldt.it/pages/garantie-en-reclamatie; https://voldt.it/pages/impressum; https://voldt.it/pages/in-quali-paesi-viaggiate-con-il-vostro-veicolo-elettrico; https://voldt.it/pages/informatie-levering; https://voldt.it/blogs/notizie/come-la-sezione-del-cavo-influisce-sulla-velocita-e-sulla-sicurezza-della-ricarica-ev; https://voldt.it/blogs/notizie/come-la-temperatura-influisce-sul-tuo-cavo-di-ricarica-per-veicoli-elettrici; https://voldt.it/blogs/notizie/perche-i-cavi-di-ricarica-ev-certificati-vengono-testati-singolarmente-prima-della-spedizione; https://voldt.it/blogs/notizie/perche-i-conducenti-di-ve-scelgono-cavi-di-ricarica-32a; https://voldt.it/blogs/notizie/quale-cavo-di-ricarica-dovrei-scegliere; https://voldt.it/blogs/notizie/tipi-di-cavi-di-ricarica-per-auto-elettriche-guida-completa,Looks like a Shopify/platform or built-in component key; Translated value found in fetched storefront HTML
general.account.help,builtin_risk,Help,False,False,True,False,,,Looks like a Shopify/platform or built-in component key
general.account.login,builtin_risk,Login,False,False,True,False,,,Looks like a Shopify/platform or built-in component key
general.account.orders,builtin_risk,Orders,False,False,True,False,,,Looks like a Shopify/platform or built-in component key
general.account.register,builtin_risk,Register,False,False,True,False,,,Looks like a Shopify/platform or built-in component key
general.breadcrumbs.home,used_exact,Home,True,False,False,True,snippets/_head-json-ld.liquid; snippets/m--breadcrumbs.liquid,https://voldt.it/products/cavo-di-ricarica-presa-comando-rossa-tipo-2-32a-trifase-regolabile-8a-32a-22kw; https://voldt.it/products/cavo-di-ricarica-presa-comando-tipo-da-2-a-16a-monofase-regolabile-8a-16a-3-7kw-ev; https://voldt.it/products/tipo-2-cee-modalita-3-regolabile-8a-16a-11kw; https://voldt.it/products/tipo-2-schuko-8a-16a-37kw; https://voldt.it/products/tipo-2-tipo-2-modalita-3-16a-11kw; https://voldt.it/products/tipo-2-tipo-2-modalita-3-32a-22kw,Exact key path found in source files; Translated value found in fetched storefront HTML
general.breadcrumbs.home_link_title,runtime_value_seen,Home,False,False,False,True,,https://voldt.it/products/cavo-di-ricarica-presa-comando-rossa-tipo-2-32a-trifase-regolabile-8a-32a-22kw; https://voldt.it/products/cavo-di-ricarica-presa-comando-tipo-da-2-a-16a-monofase-regolabile-8a-16a-3-7kw-ev; https://voldt.it/products/tipo-2-cee-modalita-3-regolabile-8a-16a-11kw; https://voldt.it/products/tipo-2-schuko-8a-16a-37kw; https://voldt.it/products/tipo-2-tipo-2-modalita-3-16a-11kw; https://voldt.it/products/tipo-2-tipo-2-modalita-3-32a-22kw,Translated value found in fetched storefront HTML
general.cart.discount,runtime_value_seen,Discount,False,False,False,True,,https://voldt.it/pages/diventare-partner,Translated value found in fetched storefront HTML
general.cart.promotion,used_exact,Promotion,True,False,False,False,snippets/cart--summary.liquid,,Exact key path found in source files
general.cart.title,used_exact,Your shopping bag,True,False,False,False,snippets/cart--main.liquid,,Exact key path found in source files
general.continue_shopping,used_exact,Continue shopping,True,False,False,False,snippets/cart--main.liquid,,Exact key path found in source files
general.media.mute_video,used_exact,Mute video,True,False,False,False,snippets/a--video.liquid,,Exact key path found in source files
general.media.pause_video,used_exact,Pause video,True,False,False,False,snippets/a--video.liquid,,Exact key path found in source files
general.media.play_video,used_exact,Play video,True,False,False,False,snippets/a--video.liquid,,Exact key path found in source files
general.pagination.label,used_exact,Pagination,True,False,False,False,snippets/m--search-pagination.liquid,,Exact key path found in source files
general.pagination.next,used_exact,Next page,True,False,False,False,snippets/m--search-pagination.liquid,,Exact key path found in source files
general.pagination.next_short,used_exact,Next,True,False,False,True,snippets/m--search-pagination.liquid,https://voldt.it/,Exact key path found in source files; Translated value found in fetched storefront HTML
general.pagination.page,used_exact,Page {{ number }},True,False,False,False,snippets/m--search-pagination.liquid,,Exact key path found in source files
general.pagination.pages_label,used_exact,Pagination pages,True,False,False,False,snippets/m--search-pagination.liquid,,Exact key path found in source files
general.pagination.previous,used_exact,Previous page,True,False,False,False,snippets/m--search-pagination.liquid,,Exact key path found in source files
general.pagination.previous_short,used_exact,Previous,True,False,False,False,snippets/m--search-pagination.liquid,,Exact key path found in source files
general.password_page.admin_link_html,used_exact,"Are you the store owner? <a href=""/admin"" class=""link underlined-link"">Log in here</a>",True,False,True,False,sections/password--header.liquid; sections/password--footer.liquid,,Exact key path found in source files; Looks like a Shopify/platform or built-in component key
general.password_page.login_form_error,used_exact,Wrong password!,True,False,True,False,sections/password--header.liquid,,Exact key path found in source files; Looks like a Shopify/platform or built-in component key
general.password_page.login_form_heading,used_exact,Enter store using password:,True,False,True,False,sections/password--header.liquid,,Exact key path found in source files; Looks like a Shopify/platform or built-in component key
general.password_page.login_form_password_label,used_exact,Password,True,False,True,False,sections/password--header.liquid; sections/password--default.liquid,,Exact key path found in source files; Looks like a Shopify/platform or built-in component key
general.password_page.login_form_password_placeholder,used_exact,Your password,True,False,True,False,sections/password--header.liquid; sections/password--default.liquid,,Exact key path found in source files; Looks like a Shopify/platform or built-in component key
general.password_page.login_form_submit,used_exact,Enter,True,False,True,False,sections/password--header.liquid,,Exact key path found in source files; Looks like a Shopify/platform or built-in component key
general.password_page.login_password_button,used_exact,Enter using password,True,False,True,False,sections/password--header.liquid,,Exact key path found in source files; Looks like a Shopify/platform or built-in component key
general.password_page.modal,used_exact,Modal,True,False,True,True,sections/password--header.liquid,https://voldt.it/; https://voldt.it/cart; https://voldt.it/collections/all; https://voldt.it/search?q=zzzzunlikelyquery&type=product&page=1; https://voldt.it/blogs/notizie; https://voldt.it/pages/faq; https://voldt.it/pages/diventare-partner; https://voldt.it/pages/reso-gratuito; https://voldt.it/products/cavo-di-ricarica-presa-comando-rossa-tipo-2-32a-trifase-regolabile-8a-32a-22kw; https://voldt.it/products/cavo-di-ricarica-presa-comando-tipo-da-2-a-16a-monofase-regolabile-8a-16a-3-7kw-ev; https://voldt.it/products/tipo-2-cee-modalita-3-regolabile-8a-16a-11kw; https://voldt.it/products/tipo-2-schuko-8a-16a-37kw; https://voldt.it/products/tipo-2-tipo-2-modalita-3-16a-11kw; https://voldt.it/products/tipo-2-tipo-2-modalita-3-32a-22kw; https://voldt.it/pages/algemeen; https://voldt.it/pages/autos; https://voldt.it/pages/garantie-en-reclamatie; https://voldt.it/pages/impressum; https://voldt.it/pages/in-quali-paesi-viaggiate-con-il-vostro-veicolo-elettrico; https://voldt.it/pages/informatie-levering; https://voldt.it/blogs/notizie/come-la-sezione-del-cavo-influisce-sulla-velocita-e-sulla-sicurezza-della-ricarica-ev; https://voldt.it/blogs/notizie/come-la-temperatura-influisce-sul-tuo-cavo-di-ricarica-per-veicoli-elettrici; https://voldt.it/blogs/notizie/perche-i-cavi-di-ricarica-ev-certificati-vengono-testati-singolarmente-prima-della-spedizione; https://voldt.it/blogs/notizie/perche-i-conducenti-di-ve-scelgono-cavi-di-ricarica-32a; https://voldt.it/blogs/notizie/quale-cavo-di-ricarica-dovrei-scegliere; https://voldt.it/blogs/notizie/tipi-di-cavi-di-ricarica-per-auto-elettriche-guida-completa,Exact key path found in source files; Looks like a Shopify/platform or built-in component key; Translated value found in fetched storefront HTML
general.password_page.powered_by_shopify_html,used_exact,This shop will be powered by {{ shopify }},True,False,True,False,sections/password--footer.liquid,,Exact key path found in source files; Looks like a Shopify/platform or built-in component key
general.placeholders.email,used_exact,Email,True,False,False,True,sections/s--contact-form.liquid,https://voldt.it/pages/diventare-partner; https://voldt.it/pages/reso-gratuito; https://voldt.it/products/cavo-di-ricarica-presa-comando-rossa-tipo-2-32a-trifase-regolabile-8a-32a-22kw; https://voldt.it/products/cavo-di-ricarica-presa-comando-tipo-da-2-a-16a-monofase-regolabile-8a-16a-3-7kw-ev; https://voldt.it/products/tipo-2-cee-modalita-3-regolabile-8a-16a-11kw; https://voldt.it/products/tipo-2-schuko-8a-16a-37kw; https://voldt.it/products/tipo-2-tipo-2-modalita-3-16a-11kw; https://voldt.it/products/tipo-2-tipo-2-modalita-3-32a-22kw,Exact key path found in source files; Translated value found in fetched storefront HTML
general.placeholders.last_name,runtime_value_seen,Doe,False,False,False,True,,https://voldt.it/; https://voldt.it/cart; https://voldt.it/collections/all; https://voldt.it/search?q=zzzzunlikelyquery&type=product&page=1; https://voldt.it/blogs/notizie; https://voldt.it/pages/faq; https://voldt.it/pages/diventare-partner; https://voldt.it/pages/reso-gratuito; https://voldt.it/products/cavo-di-ricarica-presa-comando-rossa-tipo-2-32a-trifase-regolabile-8a-32a-22kw; https://voldt.it/products/cavo-di-ricarica-presa-comando-tipo-da-2-a-16a-monofase-regolabile-8a-16a-3-7kw-ev; https://voldt.it/products/tipo-2-cee-modalita-3-regolabile-8a-16a-11kw; https://voldt.it/products/tipo-2-schuko-8a-16a-37kw; https://voldt.it/products/tipo-2-tipo-2-modalita-3-16a-11kw; https://voldt.it/products/tipo-2-tipo-2-modalita-3-32a-22kw; https://voldt.it/pages/algemeen; https://voldt.it/pages/autos; https://voldt.it/pages/garantie-en-reclamatie; https://voldt.it/pages/impressum; https://voldt.it/pages/in-quali-paesi-viaggiate-con-il-vostro-veicolo-elettrico; https://voldt.it/pages/informatie-levering; https://voldt.it/blogs/notizie/come-la-sezione-del-cavo-influisce-sulla-velocita-e-sulla-sicurezza-della-ricarica-ev; https://voldt.it/blogs/notizie/come-la-temperatura-influisce-sul-tuo-cavo-di-ricarica-per-veicoli-elettrici; https://voldt.it/blogs/notizie/perche-i-cavi-di-ricarica-ev-certificati-vengono-testati-singolarmente-prima-della-spedizione; https://voldt.it/blogs/notizie/perche-i-conducenti-di-ve-scelgono-cavi-di-ricarica-32a; https://voldt.it/blogs/notizie/quale-cavo-di-ricarica-dovrei-scegliere; https://voldt.it/blogs/notizie/tipi-di-cavi-di-ricarica-per-auto-elettriche-guida-completa,Translated value found in fetched storefront HTML
general.placeholders.name,used_exact,Name,True,False,False,True,sections/s--contact-form.liquid,https://voldt.it/; https://voldt.it/cart; https://voldt.it/collections/all; https://voldt.it/search?q=zzzzunlikelyquery&type=product&page=1; https://voldt.it/blogs/notizie; https://voldt.it/pages/faq; https://voldt.it/pages/diventare-partner; https://voldt.it/pages/reso-gratuito; https://voldt.it/products/cavo-di-ricarica-presa-comando-rossa-tipo-2-32a-trifase-regolabile-8a-32a-22kw; https://voldt.it/products/cavo-di-ricarica-presa-comando-tipo-da-2-a-16a-monofase-regolabile-8a-16a-3-7kw-ev; https://voldt.it/products/tipo-2-cee-modalita-3-regolabile-8a-16a-11kw; https://voldt.it/products/tipo-2-schuko-8a-16a-37kw; https://voldt.it/products/tipo-2-tipo-2-modalita-3-16a-11kw; https://voldt.it/products/tipo-2-tipo-2-modalita-3-32a-22kw; https://voldt.it/pages/algemeen; https://voldt.it/pages/autos; https://voldt.it/pages/garantie-en-reclamatie; https://voldt.it/pages/impressum; https://voldt.it/pages/in-quali-paesi-viaggiate-con-il-vostro-veicolo-elettrico; https://voldt.it/pages/informatie-levering; https://voldt.it/blogs/notizie/come-la-sezione-del-cavo-influisce-sulla-velocita-e-sulla-sicurezza-della-ricarica-ev; https://voldt.it/blogs/notizie/come-la-temperatura-influisce-sul-tuo-cavo-di-ricarica-per-veicoli-elettrici; https://voldt.it/blogs/notizie/perche-i-cavi-di-ricarica-ev-certificati-vengono-testati-singolarmente-prima-della-spedizione; https://voldt.it/blogs/notizie/perche-i-conducenti-di-ve-scelgono-cavi-di-ricarica-32a; https://voldt.it/blogs/notizie/quale-cavo-di-ricarica-dovrei-scegliere; https://voldt.it/blogs/notizie/tipi-di-cavi-di-ricarica-per-auto-elettriche-guida-completa,Exact key path found in source files; Translated value found in fetched storefront HTML
general.placeholders.phone,used_exact,+15551234567,True,False,False,False,sections/s--contact-form.liquid,,Exact key path found in source files
general.search.all,runtime_value_seen,All,False,False,False,True,,https://voldt.it/; https://voldt.it/cart; https://voldt.it/collections/all; https://voldt.it/search?q=zzzzunlikelyquery&type=product&page=1; https://voldt.it/blogs/notizie; https://voldt.it/pages/faq; https://voldt.it/pages/diventare-partner; https://voldt.it/pages/reso-gratuito; https://voldt.it/products/cavo-di-ricarica-presa-comando-rossa-tipo-2-32a-trifase-regolabile-8a-32a-22kw; https://voldt.it/products/cavo-di-ricarica-presa-comando-tipo-da-2-a-16a-monofase-regolabile-8a-16a-3-7kw-ev; https://voldt.it/products/tipo-2-cee-modalita-3-regolabile-8a-16a-11kw; https://voldt.it/products/tipo-2-schuko-8a-16a-37kw; https://voldt.it/products/tipo-2-tipo-2-modalita-3-16a-11kw; https://voldt.it/products/tipo-2-tipo-2-modalita-3-32a-22kw; https://voldt.it/pages/algemeen; https://voldt.it/pages/autos; https://voldt.it/pages/garantie-en-reclamatie; https://voldt.it/pages/impressum; https://voldt.it/pages/in-quali-paesi-viaggiate-con-il-vostro-veicolo-elettrico; https://voldt.it/pages/informatie-levering; https://voldt.it/blogs/notizie/come-la-sezione-del-cavo-influisce-sulla-velocita-e-sulla-sicurezza-della-ricarica-ev; https://voldt.it/blogs/notizie/come-la-temperatura-influisce-sul-tuo-cavo-di-ricarica-per-veicoli-elettrici; https://voldt.it/blogs/notizie/perche-i-cavi-di-ricarica-ev-certificati-vengono-testati-singolarmente-prima-della-spedizione; https://voldt.it/blogs/notizie/perche-i-conducenti-di-ve-scelgono-cavi-di-ricarica-32a; https://voldt.it/blogs/notizie/quale-cavo-di-ricarica-dovrei-scegliere; https://voldt.it/blogs/notizie/tipi-di-cavi-di-ricarica-per-auto-elettriche-guida-completa,Translated value found in fetched storefront HTML
general.search.car_filters.all_filters,used_exact,All Filters,True,False,False,False,snippets/m--search-car-model-filters.liquid,,Exact key path found in source files
general.search.car_filters.cable,used_exact,Cable,True,False,False,True,snippets/quick-filter--info-heading.liquid,https://voldt.it/; https://voldt.it/blogs/notizie; https://voldt.it/pages/faq; https://voldt.it/products/cavo-di-ricarica-presa-comando-rossa-tipo-2-32a-trifase-regolabile-8a-32a-22kw; https://voldt.it/products/cavo-di-ricarica-presa-comando-tipo-da-2-a-16a-monofase-regolabile-8a-16a-3-7kw-ev; https://voldt.it/products/tipo-2-cee-modalita-3-regolabile-8a-16a-11kw; https://voldt.it/products/tipo-2-schuko-8a-16a-37kw; https://voldt.it/products/tipo-2-tipo-2-modalita-3-16a-11kw; https://voldt.it/products/tipo-2-tipo-2-modalita-3-32a-22kw; https://voldt.it/pages/autos; https://voldt.it/blogs/notizie/come-la-sezione-del-cavo-influisce-sulla-velocita-e-sulla-sicurezza-della-ricarica-ev; https://voldt.it/blogs/notizie/come-la-temperatura-influisce-sul-tuo-cavo-di-ricarica-per-veicoli-elettrici; https://voldt.it/blogs/notizie/perche-i-cavi-di-ricarica-ev-certificati-vengono-testati-singolarmente-prima-della-spedizione; https://voldt.it/blogs/notizie/perche-i-conducenti-di-ve-scelgono-cavi-di-ricarica-32a; https://voldt.it/blogs/notizie/quale-cavo-di-ricarica-dovrei-scegliere; https://voldt.it/blogs/notizie/tipi-di-cavi-di-ricarica-per-auto-elettriche-guida-completa,Exact key path found in source files; Translated value found in fetched storefront HTML
general.search.car_filters.charging_time,used_exact,Charging Time,True,False,False,False,snippets/quick-filter--info-heading.liquid,,Exact key path found in source files
general.search.car_filters.close_filters,used_exact,Close filters,True,False,False,False,snippets/m--search-car-model-filters.liquid,,Exact key path found in source files
general.search.car_filters.filter_by,used_exact,Filter by,True,False,False,False,snippets/m--search-car-model-filters.liquid,,Exact key path found in source files
general.search.car_filters.power,used_exact,Power,True,False,False,True,snippets/quick-filter--info-heading.liquid,https://voldt.it/; https://voldt.it/cart; https://voldt.it/collections/all; https://voldt.it/search?q=zzzzunlikelyquery&type=product&page=1; https://voldt.it/blogs/notizie; https://voldt.it/pages/faq; https://voldt.it/pages/diventare-partner; https://voldt.it/pages/reso-gratuito; https://voldt.it/products/cavo-di-ricarica-presa-comando-rossa-tipo-2-32a-trifase-regolabile-8a-32a-22kw; https://voldt.it/products/cavo-di-ricarica-presa-comando-tipo-da-2-a-16a-monofase-regolabile-8a-16a-3-7kw-ev; https://voldt.it/products/tipo-2-cee-modalita-3-regolabile-8a-16a-11kw; https://voldt.it/products/tipo-2-schuko-8a-16a-37kw; https://voldt.it/products/tipo-2-tipo-2-modalita-3-16a-11kw; https://voldt.it/products/tipo-2-tipo-2-modalita-3-32a-22kw; https://voldt.it/pages/algemeen; https://voldt.it/pages/autos; https://voldt.it/pages/garantie-en-reclamatie; https://voldt.it/pages/impressum; https://voldt.it/pages/in-quali-paesi-viaggiate-con-il-vostro-veicolo-elettrico; https://voldt.it/pages/informatie-levering; https://voldt.it/blogs/notizie/come-la-sezione-del-cavo-influisce-sulla-velocita-e-sulla-sicurezza-della-ricarica-ev; https://voldt.it/blogs/notizie/come-la-temperatura-influisce-sul-tuo-cavo-di-ricarica-per-veicoli-elettrici; https://voldt.it/blogs/notizie/perche-i-cavi-di-ricarica-ev-certificati-vengono-testati-singolarmente-prima-della-spedizione; https://voldt.it/blogs/notizie/perche-i-conducenti-di-ve-scelgono-cavi-di-ricarica-32a; https://voldt.it/blogs/notizie/quale-cavo-di-ricarica-dovrei-scegliere; https://voldt.it/blogs/notizie/tipi-di-cavi-di-ricarica-per-auto-elettriche-guida-completa,Exact key path found in source files; Translated value found in fetched storefront HTML
general.search.car_filters.quick_filter,used_exact,Quick Filter,True,False,False,False,snippets/m--search-car-model-filters.liquid,,Exact key path found in source files
general.search.car_filters.sort,used_exact,Sort,True,False,False,True,snippets/m--search-car-model-filters.liquid,https://voldt.it/; https://voldt.it/cart; https://voldt.it/collections/all; https://voldt.it/search?q=zzzzunlikelyquery&type=product&page=1; https://voldt.it/blogs/notizie; https://voldt.it/pages/faq; https://voldt.it/pages/diventare-partner; https://voldt.it/pages/reso-gratuito; https://voldt.it/products/cavo-di-ricarica-presa-comando-rossa-tipo-2-32a-trifase-regolabile-8a-32a-22kw; https://voldt.it/products/cavo-di-ricarica-presa-comando-tipo-da-2-a-16a-monofase-regolabile-8a-16a-3-7kw-ev; https://voldt.it/products/tipo-2-cee-modalita-3-regolabile-8a-16a-11kw; https://voldt.it/products/tipo-2-schuko-8a-16a-37kw; https://voldt.it/products/tipo-2-tipo-2-modalita-3-16a-11kw; https://voldt.it/products/tipo-2-tipo-2-modalita-3-32a-22kw; https://voldt.it/pages/algemeen; https://voldt.it/pages/autos; https://voldt.it/pages/garantie-en-reclamatie; https://voldt.it/pages/impressum; https://voldt.it/pages/in-quali-paesi-viaggiate-con-il-vostro-veicolo-elettrico; https://voldt.it/pages/informatie-levering; https://voldt.it/blogs/notizie/come-la-sezione-del-cavo-influisce-sulla-velocita-e-sulla-sicurezza-della-ricarica-ev; https://voldt.it/blogs/notizie/come-la-temperatura-influisce-sul-tuo-cavo-di-ricarica-per-veicoli-elettrici; https://voldt.it/blogs/notizie/perche-i-cavi-di-ricarica-ev-certificati-vengono-testati-singolarmente-prima-della-spedizione; https://voldt.it/blogs/notizie/perche-i-conducenti-di-ve-scelgono-cavi-di-ricarica-32a; https://voldt.it/blogs/notizie/quale-cavo-di-ricarica-dovrei-scegliere; https://voldt.it/blogs/notizie/tipi-di-cavi-di-ricarica-per-auto-elettriche-guida-completa,Exact key path found in source files; Translated value found in fetched storefront HTML
general.search.car_filters.type,used_exact,Type,True,False,False,True,snippets/quick-filter--info-heading.liquid,https://voldt.it/; https://voldt.it/cart; https://voldt.it/collections/all; https://voldt.it/search?q=zzzzunlikelyquery&type=product&page=1; https://voldt.it/blogs/notizie; https://voldt.it/pages/faq; https://voldt.it/pages/diventare-partner; https://voldt.it/pages/reso-gratuito; https://voldt.it/products/cavo-di-ricarica-presa-comando-rossa-tipo-2-32a-trifase-regolabile-8a-32a-22kw; https://voldt.it/products/cavo-di-ricarica-presa-comando-tipo-da-2-a-16a-monofase-regolabile-8a-16a-3-7kw-ev; https://voldt.it/products/tipo-2-cee-modalita-3-regolabile-8a-16a-11kw; https://voldt.it/products/tipo-2-schuko-8a-16a-37kw; https://voldt.it/products/tipo-2-tipo-2-modalita-3-16a-11kw; https://voldt.it/products/tipo-2-tipo-2-modalita-3-32a-22kw; https://voldt.it/pages/algemeen; https://voldt.it/pages/autos; https://voldt.it/pages/garantie-en-reclamatie; https://voldt.it/pages/impressum; https://voldt.it/pages/in-quali-paesi-viaggiate-con-il-vostro-veicolo-elettrico; https://voldt.it/pages/informatie-levering; https://voldt.it/blogs/notizie/come-la-sezione-del-cavo-influisce-sulla-velocita-e-sulla-sicurezza-della-ricarica-ev; https://voldt.it/blogs/notizie/come-la-temperatura-influisce-sul-tuo-cavo-di-ricarica-per-veicoli-elettrici; https://voldt.it/blogs/notizie/perche-i-cavi-di-ricarica-ev-certificati-vengono-testati-singolarmente-prima-della-spedizione; https://voldt.it/blogs/notizie/perche-i-conducenti-di-ve-scelgono-cavi-di-ricarica-32a; https://voldt.it/blogs/notizie/quale-cavo-di-ricarica-dovrei-scegliere; https://voldt.it/blogs/notizie/tipi-di-cavi-di-ricarica-per-auto-elettriche-guida-completa,Exact key path found in source files; Translated value found in fetched storefront HTML
general.search.car_model_results_for,used_exact,"Car model results for ""{{ terms }}""",True,False,False,False,sections/api--search--predictive.liquid,,Exact key path found in source files
general.search.car_models_grid_label,used_exact,Car models grid,True,False,False,False,sections/search--collection-main.liquid,,Exact key path found in source files
general.search.car_models_using,used_exact,Car models using “{{ terms }}”,True,False,False,False,sections/search--collection-main.liquid,,Exact key path found in source files
general.search.cars_found_with_count.one,used_via_parent,{{ count }} car found,False,False,False,False,,,Plural child is covered by parent key usage
general.search.cars_found_with_count.other,used_via_parent,{{ count }} cars found,False,False,False,False,,,Plural child is covered by parent key usage
general.search.clear_search,used_exact,Clear search,True,False,False,False,sections/search--collection-main.liquid,,Exact key path found in source files
general.search.collections,used_exact,Collections,True,False,False,True,snippets/m--breadcrumbs.liquid,https://voldt.it/products/cavo-di-ricarica-presa-comando-rossa-tipo-2-32a-trifase-regolabile-8a-32a-22kw; https://voldt.it/products/cavo-di-ricarica-presa-comando-tipo-da-2-a-16a-monofase-regolabile-8a-16a-3-7kw-ev; https://voldt.it/products/tipo-2-cee-modalita-3-regolabile-8a-16a-11kw; https://voldt.it/products/tipo-2-schuko-8a-16a-37kw; https://voldt.it/products/tipo-2-tipo-2-modalita-3-16a-11kw; https://voldt.it/products/tipo-2-tipo-2-modalita-3-32a-22kw,Exact key path found in source files; Translated value found in fetched storefront HTML
general.search.product_results_for,used_exact,"Product results for ""{{ terms }}""",True,False,False,False,sections/api--search--predictive.liquid,,Exact key path found in source files
general.search.products,used_exact,Products,True,False,False,False,sections/search--collection-main.liquid,,Exact key path found in source files
general.search.products_found_with_count.one,used_via_parent,{{ count }} product found,False,False,False,False,,,Plural child is covered by parent key usage
general.search.products_found_with_count.other,used_via_parent,{{ count }} products found,False,False,False,False,,,Plural child is covered by parent key usage
general.search.search,used_exact,Search,True,False,False,True,snippets/header--predictive-search.liquid; sections/search--collection-main.liquid,https://voldt.it/; https://voldt.it/cart; https://voldt.it/collections/all; https://voldt.it/search?q=zzzzunlikelyquery&type=product&page=1; https://voldt.it/blogs/notizie; https://voldt.it/pages/faq; https://voldt.it/pages/diventare-partner; https://voldt.it/pages/reso-gratuito; https://voldt.it/products/cavo-di-ricarica-presa-comando-rossa-tipo-2-32a-trifase-regolabile-8a-32a-22kw; https://voldt.it/products/cavo-di-ricarica-presa-comando-tipo-da-2-a-16a-monofase-regolabile-8a-16a-3-7kw-ev; https://voldt.it/products/tipo-2-cee-modalita-3-regolabile-8a-16a-11kw; https://voldt.it/products/tipo-2-schuko-8a-16a-37kw; https://voldt.it/products/tipo-2-tipo-2-modalita-3-16a-11kw; https://voldt.it/products/tipo-2-tipo-2-modalita-3-32a-22kw; https://voldt.it/pages/algemeen; https://voldt.it/pages/autos; https://voldt.it/pages/garantie-en-reclamatie; https://voldt.it/pages/impressum; https://voldt.it/pages/in-quali-paesi-viaggiate-con-il-vostro-veicolo-elettrico; https://voldt.it/pages/informatie-levering; https://voldt.it/blogs/notizie/come-la-sezione-del-cavo-influisce-sulla-velocita-e-sulla-sicurezza-della-ricarica-ev; https://voldt.it/blogs/notizie/come-la-temperatura-influisce-sul-tuo-cavo-di-ricarica-per-veicoli-elettrici; https://voldt.it/blogs/notizie/perche-i-cavi-di-ricarica-ev-certificati-vengono-testati-singolarmente-prima-della-spedizione; https://voldt.it/blogs/notizie/perche-i-conducenti-di-ve-scelgono-cavi-di-ricarica-32a; https://voldt.it/blogs/notizie/quale-cavo-di-ricarica-dovrei-scegliere; https://voldt.it/blogs/notizie/tipi-di-cavi-di-ricarica-per-auto-elettriche-guida-completa,Exact key path found in source files; Translated value found in fetched storefront HTML
general.search.you_might_be_interested_in,used_exact,You might be interested in,True,False,False,False,snippets/header--predictive-search.liquid,,Exact key path found in source files
general.share.close,builtin_risk,Close share,False,False,True,False,,,Looks like a Shopify/platform or built-in component key
general.share.copy_to_clipboard,builtin_risk,Copy link,False,False,True,False,,,Looks like a Shopify/platform or built-in component key
general.share.share_url,builtin_risk,Link,False,False,True,True,,https://voldt.it/; https://voldt.it/cart; https://voldt.it/collections/all; https://voldt.it/search?q=zzzzunlikelyquery&type=product&page=1; https://voldt.it/blogs/notizie; https://voldt.it/pages/faq; https://voldt.it/pages/diventare-partner; https://voldt.it/pages/reso-gratuito; https://voldt.it/products/cavo-di-ricarica-presa-comando-rossa-tipo-2-32a-trifase-regolabile-8a-32a-22kw; https://voldt.it/products/cavo-di-ricarica-presa-comando-tipo-da-2-a-16a-monofase-regolabile-8a-16a-3-7kw-ev; https://voldt.it/products/tipo-2-cee-modalita-3-regolabile-8a-16a-11kw; https://voldt.it/products/tipo-2-schuko-8a-16a-37kw; https://voldt.it/products/tipo-2-tipo-2-modalita-3-16a-11kw; https://voldt.it/products/tipo-2-tipo-2-modalita-3-32a-22kw; https://voldt.it/pages/algemeen; https://voldt.it/pages/autos; https://voldt.it/pages/garantie-en-reclamatie; https://voldt.it/pages/impressum; https://voldt.it/pages/in-quali-paesi-viaggiate-con-il-vostro-veicolo-elettrico; https://voldt.it/pages/informatie-levering; https://voldt.it/blogs/notizie/come-la-sezione-del-cavo-influisce-sulla-velocita-e-sulla-sicurezza-della-ricarica-ev; https://voldt.it/blogs/notizie/come-la-temperatura-influisce-sul-tuo-cavo-di-ricarica-per-veicoli-elettrici; https://voldt.it/blogs/notizie/perche-i-cavi-di-ricarica-ev-certificati-vengono-testati-singolarmente-prima-della-spedizione; https://voldt.it/blogs/notizie/perche-i-conducenti-di-ve-scelgono-cavi-di-ricarica-32a; https://voldt.it/blogs/notizie/quale-cavo-di-ricarica-dovrei-scegliere; https://voldt.it/blogs/notizie/tipi-di-cavi-di-ricarica-per-auto-elettriche-guida-completa,Looks like a Shopify/platform or built-in component key; Translated value found in fetched storefront HTML
general.share.success_message,used_exact,Link copied to clipboard,True,False,False,False,snippets/_script-variables.liquid,,Exact key path found in source files
general.slider.name,builtin_risk,Slider,False,False,True,True,,https://voldt.it/pages/faq; https://voldt.it/pages/diventare-partner; https://voldt.it/products/cavo-di-ricarica-presa-comando-rossa-tipo-2-32a-trifase-regolabile-8a-32a-22kw; https://voldt.it/products/cavo-di-ricarica-presa-comando-tipo-da-2-a-16a-monofase-regolabile-8a-16a-3-7kw-ev; https://voldt.it/products/tipo-2-cee-modalita-3-regolabile-8a-16a-11kw; https://voldt.it/products/tipo-2-schuko-8a-16a-37kw; https://voldt.it/products/tipo-2-tipo-2-modalita-3-16a-11kw; https://voldt.it/products/tipo-2-tipo-2-modalita-3-32a-22kw; https://voldt.it/blogs/notizie/come-la-sezione-del-cavo-influisce-sulla-velocita-e-sulla-sicurezza-della-ricarica-ev; https://voldt.it/blogs/notizie/come-la-temperatura-influisce-sul-tuo-cavo-di-ricarica-per-veicoli-elettrici; https://voldt.it/blogs/notizie/perche-i-cavi-di-ricarica-ev-certificati-vengono-testati-singolarmente-prima-della-spedizione; https://voldt.it/blogs/notizie/perche-i-conducenti-di-ve-scelgono-cavi-di-ricarica-32a; https://voldt.it/blogs/notizie/quale-cavo-di-ricarica-dovrei-scegliere; https://voldt.it/blogs/notizie/tipi-di-cavi-di-ricarica-per-auto-elettriche-guida-completa,Looks like a Shopify/platform or built-in component key; Translated value found in fetched storefront HTML
general.slider.next_slide,builtin_risk,Slide right,False,False,True,False,,,Looks like a Shopify/platform or built-in component key
general.slider.of,builtin_risk,of,False,False,True,True,,https://voldt.it/; https://voldt.it/cart; https://voldt.it/collections/all; https://voldt.it/search?q=zzzzunlikelyquery&type=product&page=1; https://voldt.it/blogs/notizie; https://voldt.it/pages/faq; https://voldt.it/pages/diventare-partner; https://voldt.it/pages/reso-gratuito; https://voldt.it/products/cavo-di-ricarica-presa-comando-rossa-tipo-2-32a-trifase-regolabile-8a-32a-22kw; https://voldt.it/products/cavo-di-ricarica-presa-comando-tipo-da-2-a-16a-monofase-regolabile-8a-16a-3-7kw-ev; https://voldt.it/products/tipo-2-cee-modalita-3-regolabile-8a-16a-11kw; https://voldt.it/products/tipo-2-schuko-8a-16a-37kw; https://voldt.it/products/tipo-2-tipo-2-modalita-3-16a-11kw; https://voldt.it/products/tipo-2-tipo-2-modalita-3-32a-22kw; https://voldt.it/pages/algemeen; https://voldt.it/pages/autos; https://voldt.it/pages/garantie-en-reclamatie; https://voldt.it/pages/impressum; https://voldt.it/pages/in-quali-paesi-viaggiate-con-il-vostro-veicolo-elettrico; https://voldt.it/pages/informatie-levering; https://voldt.it/blogs/notizie/come-la-sezione-del-cavo-influisce-sulla-velocita-e-sulla-sicurezza-della-ricarica-ev; https://voldt.it/blogs/notizie/come-la-temperatura-influisce-sul-tuo-cavo-di-ricarica-per-veicoli-elettrici; https://voldt.it/blogs/notizie/perche-i-cavi-di-ricarica-ev-certificati-vengono-testati-singolarmente-prima-della-spedizione; https://voldt.it/blogs/notizie/perche-i-conducenti-di-ve-scelgono-cavi-di-ricarica-32a; https://voldt.it/blogs/notizie/quale-cavo-di-ricarica-dovrei-scegliere; https://voldt.it/blogs/notizie/tipi-di-cavi-di-ricarica-per-auto-elettriche-guida-completa,Looks like a Shopify/platform or built-in component key; Translated value found in fetched storefront HTML
general.slider.previous_slide,builtin_risk,Slide left,False,False,True,False,,,Looks like a Shopify/platform or built-in component key
gift_cards.issued.add_to_apple_wallet,used_exact,Add to Apple Wallet,True,False,True,False,templates/gift_card.liquid,,Exact key path found in source files; Looks like a Shopify/platform or built-in component key
gift_cards.issued.copy_code,used_exact,Copy gift card code,True,False,True,False,templates/gift_card.liquid,,Exact key path found in source files; Looks like a Shopify/platform or built-in component key
gift_cards.issued.copy_code_success,used_exact,Code copied successfully,True,False,True,False,templates/gift_card.liquid,,Exact key path found in source files; Looks like a Shopify/platform or built-in component key
gift_cards.issued.expiration_date,used_exact,Expires {{ expires_on }},True,False,True,False,templates/gift_card.liquid,,Exact key path found in source files; Looks like a Shopify/platform or built-in component key
gift_cards.issued.expired,used_exact,Expired,True,False,True,False,templates/gift_card.liquid,,Exact key path found in source files; Looks like a Shopify/platform or built-in component key
gift_cards.issued.gift_card_code,builtin_risk,Gift card code,False,False,True,False,,,Looks like a Shopify/platform or built-in component key
gift_cards.issued.how_to_use_gift_card,used_exact,Use the gift card code online or QR code in-store,True,False,True,False,templates/gift_card.liquid,,Exact key path found in source files; Looks like a Shopify/platform or built-in component key
gift_cards.issued.qr_image_alt,used_exact,QR code — scan to redeem gift card,True,False,True,False,templates/gift_card.liquid,,Exact key path found in source files; Looks like a Shopify/platform or built-in component key
gift_cards.issued.shop_link,used_exact,Visit online store,True,False,True,False,templates/gift_card.liquid,,Exact key path found in source files; Looks like a Shopify/platform or built-in component key
gift_cards.issued.subtext,used_exact,Your gift card,True,False,True,False,templates/gift_card.liquid,,Exact key path found in source files; Looks like a Shopify/platform or built-in component key
gift_cards.issued.title,used_exact,Here's your {{ value }} gift card balance for {{ shop }}!,True,False,True,False,templates/gift_card.liquid,,Exact key path found in source files; Looks like a Shopify/platform or built-in component key
global.decimal_style.sub,runtime_value_seen,Subscript,False,False,False,True,,https://voldt.it/; https://voldt.it/cart; https://voldt.it/collections/all; https://voldt.it/search?q=zzzzunlikelyquery&type=product&page=1; https://voldt.it/blogs/notizie; https://voldt.it/pages/faq; https://voldt.it/pages/diventare-partner; https://voldt.it/pages/reso-gratuito; https://voldt.it/products/cavo-di-ricarica-presa-comando-rossa-tipo-2-32a-trifase-regolabile-8a-32a-22kw; https://voldt.it/products/cavo-di-ricarica-presa-comando-tipo-da-2-a-16a-monofase-regolabile-8a-16a-3-7kw-ev; https://voldt.it/products/tipo-2-cee-modalita-3-regolabile-8a-16a-11kw; https://voldt.it/products/tipo-2-schuko-8a-16a-37kw; https://voldt.it/products/tipo-2-tipo-2-modalita-3-16a-11kw; https://voldt.it/products/tipo-2-tipo-2-modalita-3-32a-22kw; https://voldt.it/pages/algemeen; https://voldt.it/pages/autos; https://voldt.it/pages/garantie-en-reclamatie; https://voldt.it/pages/impressum; https://voldt.it/pages/in-quali-paesi-viaggiate-con-il-vostro-veicolo-elettrico; https://voldt.it/pages/informatie-levering; https://voldt.it/blogs/notizie/come-la-sezione-del-cavo-influisce-sulla-velocita-e-sulla-sicurezza-della-ricarica-ev; https://voldt.it/blogs/notizie/come-la-temperatura-influisce-sul-tuo-cavo-di-ricarica-per-veicoli-elettrici; https://voldt.it/blogs/notizie/perche-i-cavi-di-ricarica-ev-certificati-vengono-testati-singolarmente-prima-della-spedizione; https://voldt.it/blogs/notizie/perche-i-conducenti-di-ve-scelgono-cavi-di-ricarica-32a; https://voldt.it/blogs/notizie/quale-cavo-di-ricarica-dovrei-scegliere; https://voldt.it/blogs/notizie/tipi-di-cavi-di-ricarica-per-auto-elettriche-guida-completa,Translated value found in fetched storefront HTML
localization.country_label,used_exact,Country/region,True,False,False,False,snippets/m--country-selector.liquid,,Exact key path found in source files
localization.language_label,used_exact,Language,True,False,False,True,snippets/m--language-selector.liquid,https://voldt.it/; https://voldt.it/cart; https://voldt.it/collections/all; https://voldt.it/search?q=zzzzunlikelyquery&type=product&page=1; https://voldt.it/blogs/notizie; https://voldt.it/pages/faq; https://voldt.it/pages/diventare-partner; https://voldt.it/pages/reso-gratuito; https://voldt.it/products/cavo-di-ricarica-presa-comando-rossa-tipo-2-32a-trifase-regolabile-8a-32a-22kw; https://voldt.it/products/cavo-di-ricarica-presa-comando-tipo-da-2-a-16a-monofase-regolabile-8a-16a-3-7kw-ev; https://voldt.it/products/tipo-2-cee-modalita-3-regolabile-8a-16a-11kw; https://voldt.it/products/tipo-2-schuko-8a-16a-37kw; https://voldt.it/products/tipo-2-tipo-2-modalita-3-16a-11kw; https://voldt.it/products/tipo-2-tipo-2-modalita-3-32a-22kw; https://voldt.it/pages/algemeen; https://voldt.it/pages/autos; https://voldt.it/pages/garantie-en-reclamatie; https://voldt.it/pages/impressum; https://voldt.it/pages/in-quali-paesi-viaggiate-con-il-vostro-veicolo-elettrico; https://voldt.it/pages/informatie-levering; https://voldt.it/blogs/notizie/come-la-sezione-del-cavo-influisce-sulla-velocita-e-sulla-sicurezza-della-ricarica-ev; https://voldt.it/blogs/notizie/come-la-temperatura-influisce-sul-tuo-cavo-di-ricarica-per-veicoli-elettrici; https://voldt.it/blogs/notizie/perche-i-cavi-di-ricarica-ev-certificati-vengono-testati-singolarmente-prima-della-spedizione; https://voldt.it/blogs/notizie/perche-i-conducenti-di-ve-scelgono-cavi-di-ricarica-32a; https://voldt.it/blogs/notizie/quale-cavo-di-ricarica-dovrei-scegliere; https://voldt.it/blogs/notizie/tipi-di-cavi-di-ricarica-per-auto-elettriche-guida-completa,Exact key path found in source files; Translated value found in fetched storefront HTML
newsletter.description_html,used_exact,"By subscribing to our newsletter you agree to our <a href=""{{ link }}"">Privacy Policy</a> and <a href=""{{ link }}"">Terms of Service</a>.",True,False,False,False,sections/footer.liquid,,Exact key path found in source files
newsletter.email_placeholder,used_exact,Subscribe to our newsletter,True,False,False,False,sections/footer.liquid,,Exact key path found in source files
newsletter.error_message,used_exact,Please enter a valid email address.,True,False,False,False,sections/footer.liquid,,Exact key path found in source files
newsletter.label,runtime_value_seen,Email,False,False,False,True,,https://voldt.it/pages/diventare-partner; https://voldt.it/pages/reso-gratuito; https://voldt.it/products/cavo-di-ricarica-presa-comando-rossa-tipo-2-32a-trifase-regolabile-8a-32a-22kw; https://voldt.it/products/cavo-di-ricarica-presa-comando-tipo-da-2-a-16a-monofase-regolabile-8a-16a-3-7kw-ev; https://voldt.it/products/tipo-2-cee-modalita-3-regolabile-8a-16a-11kw; https://voldt.it/products/tipo-2-schuko-8a-16a-37kw; https://voldt.it/products/tipo-2-tipo-2-modalita-3-16a-11kw; https://voldt.it/products/tipo-2-tipo-2-modalita-3-32a-22kw,Translated value found in fetched storefront HTML
newsletter.subscribe_aria_label,used_exact,Subscribe to newsletter,True,False,False,False,sections/footer.liquid,,Exact key path found in source files
newsletter.subscribe_sr_text,used_exact,Subscribe,True,False,False,False,sections/footer.liquid,,Exact key path found in source files
products.facets.clear,runtime_value_seen,Clear,False,False,False,True,,https://voldt.it/; https://voldt.it/cart; https://voldt.it/collections/all; https://voldt.it/search?q=zzzzunlikelyquery&type=product&page=1; https://voldt.it/blogs/notizie; https://voldt.it/pages/faq; https://voldt.it/pages/diventare-partner; https://voldt.it/pages/reso-gratuito; https://voldt.it/products/cavo-di-ricarica-presa-comando-rossa-tipo-2-32a-trifase-regolabile-8a-32a-22kw; https://voldt.it/products/cavo-di-ricarica-presa-comando-tipo-da-2-a-16a-monofase-regolabile-8a-16a-3-7kw-ev; https://voldt.it/products/tipo-2-cee-modalita-3-regolabile-8a-16a-11kw; https://voldt.it/products/tipo-2-schuko-8a-16a-37kw; https://voldt.it/products/tipo-2-tipo-2-modalita-3-16a-11kw; https://voldt.it/products/tipo-2-tipo-2-modalita-3-32a-22kw; https://voldt.it/pages/algemeen; https://voldt.it/pages/autos; https://voldt.it/pages/garantie-en-reclamatie; https://voldt.it/pages/impressum; https://voldt.it/pages/in-quali-paesi-viaggiate-con-il-vostro-veicolo-elettrico; https://voldt.it/pages/informatie-levering; https://voldt.it/blogs/notizie/come-la-sezione-del-cavo-influisce-sulla-velocita-e-sulla-sicurezza-della-ricarica-ev; https://voldt.it/blogs/notizie/come-la-temperatura-influisce-sul-tuo-cavo-di-ricarica-per-veicoli-elettrici; https://voldt.it/blogs/notizie/perche-i-cavi-di-ricarica-ev-certificati-vengono-testati-singolarmente-prima-della-spedizione; https://voldt.it/blogs/notizie/perche-i-conducenti-di-ve-scelgono-cavi-di-ricarica-32a; https://voldt.it/blogs/notizie/quale-cavo-di-ricarica-dovrei-scegliere; https://voldt.it/blogs/notizie/tipi-di-cavi-di-ricarica-per-auto-elettriche-guida-completa,Translated value found in fetched storefront HTML
products.facets.filter_button,runtime_value_seen,Filters,False,False,False,True,,https://voldt.it/collections/all; https://voldt.it/products/cavo-di-ricarica-presa-comando-rossa-tipo-2-32a-trifase-regolabile-8a-32a-22kw; https://voldt.it/products/cavo-di-ricarica-presa-comando-tipo-da-2-a-16a-monofase-regolabile-8a-16a-3-7kw-ev; https://voldt.it/products/tipo-2-cee-modalita-3-regolabile-8a-16a-11kw; https://voldt.it/products/tipo-2-schuko-8a-16a-37kw; https://voldt.it/products/tipo-2-tipo-2-modalita-3-16a-11kw; https://voldt.it/products/tipo-2-tipo-2-modalita-3-32a-22kw,Translated value found in fetched storefront HTML
products.facets.from,runtime_value_seen,From,False,False,False,True,,https://voldt.it/; https://voldt.it/cart; https://voldt.it/collections/all; https://voldt.it/search?q=zzzzunlikelyquery&type=product&page=1; https://voldt.it/blogs/notizie; https://voldt.it/pages/faq; https://voldt.it/pages/diventare-partner; https://voldt.it/pages/reso-gratuito; https://voldt.it/products/cavo-di-ricarica-presa-comando-rossa-tipo-2-32a-trifase-regolabile-8a-32a-22kw; https://voldt.it/products/cavo-di-ricarica-presa-comando-tipo-da-2-a-16a-monofase-regolabile-8a-16a-3-7kw-ev; https://voldt.it/products/tipo-2-cee-modalita-3-regolabile-8a-16a-11kw; https://voldt.it/products/tipo-2-schuko-8a-16a-37kw; https://voldt.it/products/tipo-2-tipo-2-modalita-3-16a-11kw; https://voldt.it/products/tipo-2-tipo-2-modalita-3-32a-22kw; https://voldt.it/pages/algemeen; https://voldt.it/pages/autos; https://voldt.it/pages/garantie-en-reclamatie; https://voldt.it/pages/impressum; https://voldt.it/pages/in-quali-paesi-viaggiate-con-il-vostro-veicolo-elettrico; https://voldt.it/pages/informatie-levering; https://voldt.it/blogs/notizie/come-la-sezione-del-cavo-influisce-sulla-velocita-e-sulla-sicurezza-della-ricarica-ev; https://voldt.it/blogs/notizie/come-la-temperatura-influisce-sul-tuo-cavo-di-ricarica-per-veicoli-elettrici; https://voldt.it/blogs/notizie/perche-i-cavi-di-ricarica-ev-certificati-vengono-testati-singolarmente-prima-della-spedizione; https://voldt.it/blogs/notizie/perche-i-conducenti-di-ve-scelgono-cavi-di-ricarica-32a; https://voldt.it/blogs/notizie/quale-cavo-di-ricarica-dovrei-scegliere; https://voldt.it/blogs/notizie/tipi-di-cavi-di-ricarica-per-auto-elettriche-guida-completa,Translated value found in fetched storefront HTML
products.facets.reset,used_exact,Reset,True,False,False,False,snippets/filter--price-range.liquid; assets/collection--filters.js,,Exact key path found in source files
products.facets.sort_button,runtime_value_seen,Sort,False,False,False,True,,https://voldt.it/; https://voldt.it/cart; https://voldt.it/collections/all; https://voldt.it/search?q=zzzzunlikelyquery&type=product&page=1; https://voldt.it/blogs/notizie; https://voldt.it/pages/faq; https://voldt.it/pages/diventare-partner; https://voldt.it/pages/reso-gratuito; https://voldt.it/products/cavo-di-ricarica-presa-comando-rossa-tipo-2-32a-trifase-regolabile-8a-32a-22kw; https://voldt.it/products/cavo-di-ricarica-presa-comando-tipo-da-2-a-16a-monofase-regolabile-8a-16a-3-7kw-ev; https://voldt.it/products/tipo-2-cee-modalita-3-regolabile-8a-16a-11kw; https://voldt.it/products/tipo-2-schuko-8a-16a-37kw; https://voldt.it/products/tipo-2-tipo-2-modalita-3-16a-11kw; https://voldt.it/products/tipo-2-tipo-2-modalita-3-32a-22kw; https://voldt.it/pages/algemeen; https://voldt.it/pages/autos; https://voldt.it/pages/garantie-en-reclamatie; https://voldt.it/pages/impressum; https://voldt.it/pages/in-quali-paesi-viaggiate-con-il-vostro-veicolo-elettrico; https://voldt.it/pages/informatie-levering; https://voldt.it/blogs/notizie/come-la-sezione-del-cavo-influisce-sulla-velocita-e-sulla-sicurezza-della-ricarica-ev; https://voldt.it/blogs/notizie/come-la-temperatura-influisce-sul-tuo-cavo-di-ricarica-per-veicoli-elettrici; https://voldt.it/blogs/notizie/perche-i-cavi-di-ricarica-ev-certificati-vengono-testati-singolarmente-prima-della-spedizione; https://voldt.it/blogs/notizie/perche-i-conducenti-di-ve-scelgono-cavi-di-ricarica-32a; https://voldt.it/blogs/notizie/quale-cavo-di-ricarica-dovrei-scegliere; https://voldt.it/blogs/notizie/tipi-di-cavi-di-ricarica-per-auto-elettriche-guida-completa,Translated value found in fetched storefront HTML
products.facets.to,runtime_value_seen,To,False,False,False,True,,https://voldt.it/; https://voldt.it/cart; https://voldt.it/collections/all; https://voldt.it/search?q=zzzzunlikelyquery&type=product&page=1; https://voldt.it/blogs/notizie; https://voldt.it/pages/faq; https://voldt.it/pages/diventare-partner; https://voldt.it/pages/reso-gratuito; https://voldt.it/products/cavo-di-ricarica-presa-comando-rossa-tipo-2-32a-trifase-regolabile-8a-32a-22kw; https://voldt.it/products/cavo-di-ricarica-presa-comando-tipo-da-2-a-16a-monofase-regolabile-8a-16a-3-7kw-ev; https://voldt.it/products/tipo-2-cee-modalita-3-regolabile-8a-16a-11kw; https://voldt.it/products/tipo-2-schuko-8a-16a-37kw; https://voldt.it/products/tipo-2-tipo-2-modalita-3-16a-11kw; https://voldt.it/products/tipo-2-tipo-2-modalita-3-32a-22kw; https://voldt.it/pages/algemeen; https://voldt.it/pages/autos; https://voldt.it/pages/garantie-en-reclamatie; https://voldt.it/pages/impressum; https://voldt.it/pages/in-quali-paesi-viaggiate-con-il-vostro-veicolo-elettrico; https://voldt.it/pages/informatie-levering; https://voldt.it/blogs/notizie/come-la-sezione-del-cavo-influisce-sulla-velocita-e-sulla-sicurezza-della-ricarica-ev; https://voldt.it/blogs/notizie/come-la-temperatura-influisce-sul-tuo-cavo-di-ricarica-per-veicoli-elettrici; https://voldt.it/blogs/notizie/perche-i-cavi-di-ricarica-ev-certificati-vengono-testati-singolarmente-prima-della-spedizione; https://voldt.it/blogs/notizie/perche-i-conducenti-di-ve-scelgono-cavi-di-ricarica-32a; https://voldt.it/blogs/notizie/quale-cavo-di-ricarica-dovrei-scegliere; https://voldt.it/blogs/notizie/tipi-di-cavi-di-ricarica-per-auto-elettriche-guida-completa,Translated value found in fetched storefront HTML
products.facets.view,runtime_value_seen,View,False,False,False,True,,https://voldt.it/collections/all; https://voldt.it/pages/faq; https://voldt.it/products/cavo-di-ricarica-presa-comando-rossa-tipo-2-32a-trifase-regolabile-8a-32a-22kw; https://voldt.it/products/cavo-di-ricarica-presa-comando-tipo-da-2-a-16a-monofase-regolabile-8a-16a-3-7kw-ev; https://voldt.it/products/tipo-2-cee-modalita-3-regolabile-8a-16a-11kw; https://voldt.it/products/tipo-2-schuko-8a-16a-37kw; https://voldt.it/products/tipo-2-tipo-2-modalita-3-16a-11kw; https://voldt.it/products/tipo-2-tipo-2-modalita-3-32a-22kw; https://voldt.it/blogs/notizie/come-la-sezione-del-cavo-influisce-sulla-velocita-e-sulla-sicurezza-della-ricarica-ev; https://voldt.it/blogs/notizie/come-la-temperatura-influisce-sul-tuo-cavo-di-ricarica-per-veicoli-elettrici; https://voldt.it/blogs/notizie/perche-i-cavi-di-ricarica-ev-certificati-vengono-testati-singolarmente-prima-della-spedizione; https://voldt.it/blogs/notizie/perche-i-conducenti-di-ve-scelgono-cavi-di-ricarica-32a; https://voldt.it/blogs/notizie/quale-cavo-di-ricarica-dovrei-scegliere; https://voldt.it/blogs/notizie/tipi-di-cavi-di-ricarica-per-auto-elettriche-guida-completa,Translated value found in fetched storefront HTML
products.modal.label,builtin_risk,Media gallery,False,False,True,False,,,Looks like a Shopify/platform or built-in component key
products.product.add_to_cart,used_exact,Add to Cart,True,False,False,False,snippets/product--sticky-atc.liquid; snippets/cart--upsell.liquid; snippets/m--quantity-atc.liquid; snippets/m--product-card.liquid; snippets/_script-variables.liquid; snippets/product--form.liquid; sections/product--main.liquid,,Exact key path found in source files
products.product.add_to_cart_success,used_exact,Added to Cart!,True,False,False,False,snippets/product--sticky-atc.liquid; snippets/product--form.liquid,,Exact key path found in source files
products.product.adding_error,used_exact,Please try again,True,False,False,False,snippets/product--sticky-atc.liquid; snippets/product--form.liquid,,Exact key path found in source files
products.product.adding_to_cart,used_exact,Adding to Cart,True,False,False,False,snippets/product--sticky-atc.liquid; snippets/product--form.liquid,,Exact key path found in source files
products.product.cutoff_dispatch_html,used_exact,*Order within <b>{{ cutoff_range }}</b> for free same-day dispatch,True,False,False,False,snippets/product--form.liquid,,Exact key path found in source files
products.product.cutoff_dispatch_remaining_html,used_exact,*Order in the next <b>{{ remaining }}</b> for free same-day dispatch,True,False,False,False,snippets/product--form.liquid,,Exact key path found in source files
products.product.inventory_out_of_stock,used_exact,Out of stock,True,False,False,False,snippets/_script-variables.liquid,,Exact key path found in source files
products.product.media.gallery_viewer,builtin_risk,Gallery Viewer,False,False,True,False,,,Looks like a Shopify/platform or built-in component key
products.product.media.image_available,used_exact,Image {{ index }} is now available in gallery view,True,False,True,False,snippets/_script-variables.liquid,,Exact key path found in source files; Looks like a Shopify/platform or built-in component key
products.product.media.load_image,builtin_risk,Load image {{ index }} in gallery view,False,False,True,False,,,Looks like a Shopify/platform or built-in component key
products.product.media.load_model,builtin_risk,Load 3D Model {{ index }} in gallery view,False,False,True,False,,,Looks like a Shopify/platform or built-in component key
products.product.media.load_video,builtin_risk,Play video {{ index }} in gallery view,False,False,True,False,,,Looks like a Shopify/platform or built-in component key
products.product.media.open_media,builtin_risk,Open media {{ index }} in modal,False,False,True,False,,,Looks like a Shopify/platform or built-in component key
products.product.media.play_model,builtin_risk,Play 3D Viewer,False,False,True,False,,,Looks like a Shopify/platform or built-in component key
products.product.media.play_video,builtin_risk,Play video,False,False,True,False,,,Looks like a Shopify/platform or built-in component key
products.product.pickup_availability.check_availability,builtin_risk,Check local pickup availability,False,False,True,False,,,Looks like a Shopify/platform or built-in component key
products.product.pickup_availability.check_other_stores,builtin_risk,Check availability at other stores,False,False,True,False,,,Looks like a Shopify/platform or built-in component key
products.product.pickup_availability.pick_up_available,builtin_risk,Pickup available,False,False,True,False,,,Looks like a Shopify/platform or built-in component key
products.product.pickup_availability.pick_up_available_at_html,builtin_risk,"Pickup available at <span class=""color-foreground"">{{ location_name }}</span>",False,False,True,False,,,Looks like a Shopify/platform or built-in component key
products.product.pickup_availability.pick_up_unavailable_at_html,builtin_risk,"Pickup currently unavailable at <span class=""color-foreground"">{{ location_name }}</span>",False,False,True,False,,,Looks like a Shopify/platform or built-in component key
products.product.pickup_availability.refresh,builtin_risk,Refresh,False,False,True,False,,,Looks like a Shopify/platform or built-in component key
products.product.pickup_availability.unavailable,builtin_risk,Couldn't load pickup availability,False,False,True,False,,,Looks like a Shopify/platform or built-in component key
products.product.pickup_availability.view_store_info,builtin_risk,View store information,False,False,True,False,,,Looks like a Shopify/platform or built-in component key
products.product.price.from,used_exact,From,True,False,True,True,snippets/m--product-card.liquid,https://voldt.it/; https://voldt.it/cart; https://voldt.it/collections/all; https://voldt.it/search?q=zzzzunlikelyquery&type=product&page=1; https://voldt.it/blogs/notizie; https://voldt.it/pages/faq; https://voldt.it/pages/diventare-partner; https://voldt.it/pages/reso-gratuito; https://voldt.it/products/cavo-di-ricarica-presa-comando-rossa-tipo-2-32a-trifase-regolabile-8a-32a-22kw; https://voldt.it/products/cavo-di-ricarica-presa-comando-tipo-da-2-a-16a-monofase-regolabile-8a-16a-3-7kw-ev; https://voldt.it/products/tipo-2-cee-modalita-3-regolabile-8a-16a-11kw; https://voldt.it/products/tipo-2-schuko-8a-16a-37kw; https://voldt.it/products/tipo-2-tipo-2-modalita-3-16a-11kw; https://voldt.it/products/tipo-2-tipo-2-modalita-3-32a-22kw; https://voldt.it/pages/algemeen; https://voldt.it/pages/autos; https://voldt.it/pages/garantie-en-reclamatie; https://voldt.it/pages/impressum; https://voldt.it/pages/in-quali-paesi-viaggiate-con-il-vostro-veicolo-elettrico; https://voldt.it/pages/informatie-levering; https://voldt.it/blogs/notizie/come-la-sezione-del-cavo-influisce-sulla-velocita-e-sulla-sicurezza-della-ricarica-ev; https://voldt.it/blogs/notizie/come-la-temperatura-influisce-sul-tuo-cavo-di-ricarica-per-veicoli-elettrici; https://voldt.it/blogs/notizie/perche-i-cavi-di-ricarica-ev-certificati-vengono-testati-singolarmente-prima-della-spedizione; https://voldt.it/blogs/notizie/perche-i-conducenti-di-ve-scelgono-cavi-di-ricarica-32a; https://voldt.it/blogs/notizie/quale-cavo-di-ricarica-dovrei-scegliere; https://voldt.it/blogs/notizie/tipi-di-cavi-di-ricarica-per-auto-elettriche-guida-completa,Exact key path found in source files; Looks like a Shopify/platform or built-in component key; Translated value found in fetched storefront HTML
products.product.price.from_price_html,builtin_risk,From {{ price_min }},False,False,True,False,,,Looks like a Shopify/platform or built-in component key
products.product.price.regular_price,builtin_risk,Regular price,False,False,True,False,,,Looks like a Shopify/platform or built-in component key
products.product.price.sale_price,builtin_risk,Sale price,False,False,True,False,,,Looks like a Shopify/platform or built-in component key
products.product.price.unit_price,builtin_risk,Unit price,False,False,True,False,,,Looks like a Shopify/platform or built-in component key
products.product.quantity.decrease,used_exact,Decrease quantity for {{ product }},True,False,True,False,snippets/m--quantity-atc.liquid,,Exact key path found in source files; Looks like a Shopify/platform or built-in component key
products.product.quantity.delete,used_exact,Delete,True,False,True,False,snippets/m--quantity-atc.liquid,,Exact key path found in source files; Looks like a Shopify/platform or built-in component key
products.product.quantity.in_cart_html,builtin_risk,"<span class=""quantity-cart"">{{ quantity }}</span> in cart",False,False,True,False,,,Looks like a Shopify/platform or built-in component key
products.product.quantity.increase,used_exact,Increase quantity for {{ product }},True,False,True,False,snippets/m--quantity-atc.liquid,,Exact key path found in source files; Looks like a Shopify/platform or built-in component key
products.product.quantity.input_label,builtin_risk,Quantity for {{ product }},False,False,True,False,,,Looks like a Shopify/platform or built-in component key
products.product.quantity.label,used_exact,Quantity,True,False,True,True,snippets/m--quantity-atc.liquid,https://voldt.it/products/cavo-di-ricarica-presa-comando-rossa-tipo-2-32a-trifase-regolabile-8a-32a-22kw; https://voldt.it/products/cavo-di-ricarica-presa-comando-tipo-da-2-a-16a-monofase-regolabile-8a-16a-3-7kw-ev; https://voldt.it/products/tipo-2-cee-modalita-3-regolabile-8a-16a-11kw; https://voldt.it/products/tipo-2-schuko-8a-16a-37kw; https://voldt.it/products/tipo-2-tipo-2-modalita-3-16a-11kw; https://voldt.it/products/tipo-2-tipo-2-modalita-3-32a-22kw,Exact key path found in source files; Looks like a Shopify/platform or built-in component key; Translated value found in fetched storefront HTML
products.product.quantity.maximum_of,builtin_risk,Maximum of {{ quantity }},False,False,True,False,,,Looks like a Shopify/platform or built-in component key
products.product.quantity.minimum_of,builtin_risk,Minimum of {{ quantity }},False,False,True,False,,,Looks like a Shopify/platform or built-in component key
products.product.quantity.multiples_of,builtin_risk,Increments of {{ quantity }},False,False,True,False,,,Looks like a Shopify/platform or built-in component key
products.product.save_message,used_exact,You save {{ save_amount }}%,True,False,False,False,snippets/a--price-group.liquid,,Exact key path found in source files
products.product.sold_out,used_exact,Sold out,True,False,False,False,snippets/m--quantity-atc.liquid; snippets/_script-variables.liquid,,Exact key path found in source files
products.product.traditional_retail,used_exact,Traditional retail,True,False,False,False,snippets/a--price-group.liquid,,Exact key path found in source files
products.product.unavailable,used_exact,Unavailable,True,False,False,False,snippets/_script-variables.liquid,,Exact key path found in source files
products.product.value_unavailable,builtin_risk,{{ option_value }} - Unavailable,False,False,True,False,,,Looks like a Shopify/platform or built-in component key
products.product.variant_drawer_text.length,used_exact,Temporary text for Length drawer.,True,True,False,False,snippets/product--length-slider.liquid,,Exact key path found in source files; Namespace is known to be consumed dynamically
products.product.video_exit_message,builtin_risk,{{ title }} opens full screen video in same window.,False,False,True,False,,,Looks like a Shopify/platform or built-in component key
products.product.view_full_details,used_exact,View full details,True,False,False,False,sections/product--quick-atc.liquid,,Exact key path found in source files
products.product.view_in_3d,builtin_risk,View in 3D,False,False,True,False,,,Looks like a Shopify/platform or built-in component key
products.product.xr_button,builtin_risk,View in your space,False,False,True,False,,,Looks like a Shopify/platform or built-in component key
products.product.xr_button_label,builtin_risk,"View in your space, loads item in augmented reality window",False,False,True,False,,,Looks like a Shopify/platform or built-in component key
products.reviews.all_countries,used_exact,All Countries,True,False,False,False,sections/s--reviews.liquid,,Exact key path found in source files
products.reviews.authentic_buyer,used_exact,Authentic buyer,True,False,False,False,sections/s--reviews.liquid,,Exact key path found in source files
products.reviews.country_names.at,used_exact,Austria,True,True,False,True,sections/s--reviews.liquid,https://voldt.it/; https://voldt.it/cart; https://voldt.it/collections/all; https://voldt.it/search?q=zzzzunlikelyquery&type=product&page=1; https://voldt.it/blogs/notizie; https://voldt.it/pages/faq; https://voldt.it/pages/diventare-partner; https://voldt.it/pages/reso-gratuito; https://voldt.it/products/cavo-di-ricarica-presa-comando-rossa-tipo-2-32a-trifase-regolabile-8a-32a-22kw; https://voldt.it/products/cavo-di-ricarica-presa-comando-tipo-da-2-a-16a-monofase-regolabile-8a-16a-3-7kw-ev; https://voldt.it/products/tipo-2-cee-modalita-3-regolabile-8a-16a-11kw; https://voldt.it/products/tipo-2-schuko-8a-16a-37kw; https://voldt.it/products/tipo-2-tipo-2-modalita-3-16a-11kw; https://voldt.it/products/tipo-2-tipo-2-modalita-3-32a-22kw; https://voldt.it/pages/algemeen; https://voldt.it/pages/autos; https://voldt.it/pages/garantie-en-reclamatie; https://voldt.it/pages/impressum; https://voldt.it/pages/in-quali-paesi-viaggiate-con-il-vostro-veicolo-elettrico; https://voldt.it/pages/informatie-levering; https://voldt.it/blogs/notizie/come-la-sezione-del-cavo-influisce-sulla-velocita-e-sulla-sicurezza-della-ricarica-ev; https://voldt.it/blogs/notizie/come-la-temperatura-influisce-sul-tuo-cavo-di-ricarica-per-veicoli-elettrici; https://voldt.it/blogs/notizie/perche-i-cavi-di-ricarica-ev-certificati-vengono-testati-singolarmente-prima-della-spedizione; https://voldt.it/blogs/notizie/perche-i-conducenti-di-ve-scelgono-cavi-di-ricarica-32a; https://voldt.it/blogs/notizie/quale-cavo-di-ricarica-dovrei-scegliere; https://voldt.it/blogs/notizie/tipi-di-cavi-di-ricarica-per-auto-elettriche-guida-completa,Exact key path found in source files; Namespace is known to be consumed dynamically; Translated value found in fetched storefront HTML
products.reviews.country_names.be,used_exact,Belgium,True,True,False,True,sections/s--reviews.liquid,https://voldt.it/pages/diventare-partner; https://voldt.it/pages/reso-gratuito; https://voldt.it/products/cavo-di-ricarica-presa-comando-rossa-tipo-2-32a-trifase-regolabile-8a-32a-22kw; https://voldt.it/products/cavo-di-ricarica-presa-comando-tipo-da-2-a-16a-monofase-regolabile-8a-16a-3-7kw-ev; https://voldt.it/products/tipo-2-cee-modalita-3-regolabile-8a-16a-11kw; https://voldt.it/products/tipo-2-schuko-8a-16a-37kw; https://voldt.it/products/tipo-2-tipo-2-modalita-3-16a-11kw; https://voldt.it/products/tipo-2-tipo-2-modalita-3-32a-22kw; https://voldt.it/pages/in-quali-paesi-viaggiate-con-il-vostro-veicolo-elettrico,Exact key path found in source files; Namespace is known to be consumed dynamically; Translated value found in fetched storefront HTML
products.reviews.country_names.ch,used_exact,Switzerland,True,True,False,True,sections/s--reviews.liquid,https://voldt.it/pages/diventare-partner; https://voldt.it/pages/reso-gratuito; https://voldt.it/products/cavo-di-ricarica-presa-comando-rossa-tipo-2-32a-trifase-regolabile-8a-32a-22kw; https://voldt.it/products/cavo-di-ricarica-presa-comando-tipo-da-2-a-16a-monofase-regolabile-8a-16a-3-7kw-ev; https://voldt.it/products/tipo-2-cee-modalita-3-regolabile-8a-16a-11kw; https://voldt.it/products/tipo-2-schuko-8a-16a-37kw; https://voldt.it/products/tipo-2-tipo-2-modalita-3-16a-11kw; https://voldt.it/products/tipo-2-tipo-2-modalita-3-32a-22kw; https://voldt.it/pages/in-quali-paesi-viaggiate-con-il-vostro-veicolo-elettrico,Exact key path found in source files; Namespace is known to be consumed dynamically; Translated value found in fetched storefront HTML
products.reviews.country_names.cz,used_exact,Czech Republic,True,True,False,True,sections/s--reviews.liquid,https://voldt.it/pages/diventare-partner; https://voldt.it/pages/reso-gratuito; https://voldt.it/products/cavo-di-ricarica-presa-comando-rossa-tipo-2-32a-trifase-regolabile-8a-32a-22kw; https://voldt.it/products/cavo-di-ricarica-presa-comando-tipo-da-2-a-16a-monofase-regolabile-8a-16a-3-7kw-ev; https://voldt.it/products/tipo-2-cee-modalita-3-regolabile-8a-16a-11kw; https://voldt.it/products/tipo-2-schuko-8a-16a-37kw; https://voldt.it/products/tipo-2-tipo-2-modalita-3-16a-11kw; https://voldt.it/products/tipo-2-tipo-2-modalita-3-32a-22kw,Exact key path found in source files; Namespace is known to be consumed dynamically; Translated value found in fetched storefront HTML
products.reviews.country_names.de,used_exact,Germany,True,True,False,True,sections/s--reviews.liquid,https://voldt.it/pages/diventare-partner; https://voldt.it/pages/reso-gratuito; https://voldt.it/products/cavo-di-ricarica-presa-comando-rossa-tipo-2-32a-trifase-regolabile-8a-32a-22kw; https://voldt.it/products/cavo-di-ricarica-presa-comando-tipo-da-2-a-16a-monofase-regolabile-8a-16a-3-7kw-ev; https://voldt.it/products/tipo-2-cee-modalita-3-regolabile-8a-16a-11kw; https://voldt.it/products/tipo-2-schuko-8a-16a-37kw; https://voldt.it/products/tipo-2-tipo-2-modalita-3-16a-11kw; https://voldt.it/products/tipo-2-tipo-2-modalita-3-32a-22kw; https://voldt.it/pages/in-quali-paesi-viaggiate-con-il-vostro-veicolo-elettrico,Exact key path found in source files; Namespace is known to be consumed dynamically; Translated value found in fetched storefront HTML
products.reviews.country_names.dk,used_exact,Denmark,True,True,False,True,sections/s--reviews.liquid,https://voldt.it/pages/diventare-partner; https://voldt.it/pages/reso-gratuito; https://voldt.it/products/cavo-di-ricarica-presa-comando-rossa-tipo-2-32a-trifase-regolabile-8a-32a-22kw; https://voldt.it/products/cavo-di-ricarica-presa-comando-tipo-da-2-a-16a-monofase-regolabile-8a-16a-3-7kw-ev; https://voldt.it/products/tipo-2-cee-modalita-3-regolabile-8a-16a-11kw; https://voldt.it/products/tipo-2-schuko-8a-16a-37kw; https://voldt.it/products/tipo-2-tipo-2-modalita-3-16a-11kw; https://voldt.it/products/tipo-2-tipo-2-modalita-3-32a-22kw,Exact key path found in source files; Namespace is known to be consumed dynamically; Translated value found in fetched storefront HTML
products.reviews.country_names.es,used_exact,Spain,True,True,False,True,sections/s--reviews.liquid,https://voldt.it/pages/diventare-partner; https://voldt.it/pages/reso-gratuito; https://voldt.it/products/cavo-di-ricarica-presa-comando-rossa-tipo-2-32a-trifase-regolabile-8a-32a-22kw; https://voldt.it/products/cavo-di-ricarica-presa-comando-tipo-da-2-a-16a-monofase-regolabile-8a-16a-3-7kw-ev; https://voldt.it/products/tipo-2-cee-modalita-3-regolabile-8a-16a-11kw; https://voldt.it/products/tipo-2-schuko-8a-16a-37kw; https://voldt.it/products/tipo-2-tipo-2-modalita-3-16a-11kw; https://voldt.it/products/tipo-2-tipo-2-modalita-3-32a-22kw; https://voldt.it/pages/in-quali-paesi-viaggiate-con-il-vostro-veicolo-elettrico,Exact key path found in source files; Namespace is known to be consumed dynamically; Translated value found in fetched storefront HTML
products.reviews.country_names.fi,used_exact,Finland,True,True,False,True,sections/s--reviews.liquid,https://voldt.it/; https://voldt.it/cart; https://voldt.it/collections/all; https://voldt.it/search?q=zzzzunlikelyquery&type=product&page=1; https://voldt.it/blogs/notizie; https://voldt.it/pages/faq; https://voldt.it/pages/diventare-partner; https://voldt.it/pages/reso-gratuito; https://voldt.it/products/cavo-di-ricarica-presa-comando-rossa-tipo-2-32a-trifase-regolabile-8a-32a-22kw; https://voldt.it/products/cavo-di-ricarica-presa-comando-tipo-da-2-a-16a-monofase-regolabile-8a-16a-3-7kw-ev; https://voldt.it/products/tipo-2-cee-modalita-3-regolabile-8a-16a-11kw; https://voldt.it/products/tipo-2-schuko-8a-16a-37kw; https://voldt.it/products/tipo-2-tipo-2-modalita-3-16a-11kw; https://voldt.it/products/tipo-2-tipo-2-modalita-3-32a-22kw; https://voldt.it/pages/algemeen; https://voldt.it/pages/autos; https://voldt.it/pages/garantie-en-reclamatie; https://voldt.it/pages/impressum; https://voldt.it/pages/in-quali-paesi-viaggiate-con-il-vostro-veicolo-elettrico; https://voldt.it/pages/informatie-levering; https://voldt.it/blogs/notizie/come-la-sezione-del-cavo-influisce-sulla-velocita-e-sulla-sicurezza-della-ricarica-ev; https://voldt.it/blogs/notizie/come-la-temperatura-influisce-sul-tuo-cavo-di-ricarica-per-veicoli-elettrici; https://voldt.it/blogs/notizie/perche-i-cavi-di-ricarica-ev-certificati-vengono-testati-singolarmente-prima-della-spedizione; https://voldt.it/blogs/notizie/perche-i-conducenti-di-ve-scelgono-cavi-di-ricarica-32a; https://voldt.it/blogs/notizie/quale-cavo-di-ricarica-dovrei-scegliere; https://voldt.it/blogs/notizie/tipi-di-cavi-di-ricarica-per-auto-elettriche-guida-completa,Exact key path found in source files; Namespace is known to be consumed dynamically; Translated value found in fetched storefront HTML
products.reviews.country_names.fr,used_exact,France,True,True,False,True,sections/s--reviews.liquid,https://voldt.it/pages/diventare-partner; https://voldt.it/pages/reso-gratuito; https://voldt.it/products/cavo-di-ricarica-presa-comando-rossa-tipo-2-32a-trifase-regolabile-8a-32a-22kw; https://voldt.it/products/cavo-di-ricarica-presa-comando-tipo-da-2-a-16a-monofase-regolabile-8a-16a-3-7kw-ev; https://voldt.it/products/tipo-2-cee-modalita-3-regolabile-8a-16a-11kw; https://voldt.it/products/tipo-2-schuko-8a-16a-37kw; https://voldt.it/products/tipo-2-tipo-2-modalita-3-16a-11kw; https://voldt.it/products/tipo-2-tipo-2-modalita-3-32a-22kw; https://voldt.it/pages/in-quali-paesi-viaggiate-con-il-vostro-veicolo-elettrico,Exact key path found in source files; Namespace is known to be consumed dynamically; Translated value found in fetched storefront HTML
products.reviews.country_names.gr,used_exact,Greece,True,True,False,True,sections/s--reviews.liquid,https://voldt.it/pages/diventare-partner; https://voldt.it/pages/reso-gratuito; https://voldt.it/products/cavo-di-ricarica-presa-comando-rossa-tipo-2-32a-trifase-regolabile-8a-32a-22kw; https://voldt.it/products/cavo-di-ricarica-presa-comando-tipo-da-2-a-16a-monofase-regolabile-8a-16a-3-7kw-ev; https://voldt.it/products/tipo-2-cee-modalita-3-regolabile-8a-16a-11kw; https://voldt.it/products/tipo-2-schuko-8a-16a-37kw; https://voldt.it/products/tipo-2-tipo-2-modalita-3-16a-11kw; https://voldt.it/products/tipo-2-tipo-2-modalita-3-32a-22kw,Exact key path found in source files; Namespace is known to be consumed dynamically; Translated value found in fetched storefront HTML
products.reviews.country_names.ie,used_exact,Ireland,True,True,False,True,sections/s--reviews.liquid,https://voldt.it/pages/diventare-partner; https://voldt.it/pages/reso-gratuito; https://voldt.it/products/cavo-di-ricarica-presa-comando-rossa-tipo-2-32a-trifase-regolabile-8a-32a-22kw; https://voldt.it/products/cavo-di-ricarica-presa-comando-tipo-da-2-a-16a-monofase-regolabile-8a-16a-3-7kw-ev; https://voldt.it/products/tipo-2-cee-modalita-3-regolabile-8a-16a-11kw; https://voldt.it/products/tipo-2-schuko-8a-16a-37kw; https://voldt.it/products/tipo-2-tipo-2-modalita-3-16a-11kw; https://voldt.it/products/tipo-2-tipo-2-modalita-3-32a-22kw,Exact key path found in source files; Namespace is known to be consumed dynamically; Translated value found in fetched storefront HTML
products.reviews.country_names.it,used_exact,Italy,True,True,False,True,sections/s--reviews.liquid,https://voldt.it/pages/diventare-partner; https://voldt.it/pages/reso-gratuito; https://voldt.it/products/cavo-di-ricarica-presa-comando-rossa-tipo-2-32a-trifase-regolabile-8a-32a-22kw; https://voldt.it/products/cavo-di-ricarica-presa-comando-tipo-da-2-a-16a-monofase-regolabile-8a-16a-3-7kw-ev; https://voldt.it/products/tipo-2-cee-modalita-3-regolabile-8a-16a-11kw; https://voldt.it/products/tipo-2-schuko-8a-16a-37kw; https://voldt.it/products/tipo-2-tipo-2-modalita-3-16a-11kw; https://voldt.it/products/tipo-2-tipo-2-modalita-3-32a-22kw; https://voldt.it/pages/in-quali-paesi-viaggiate-con-il-vostro-veicolo-elettrico,Exact key path found in source files; Namespace is known to be consumed dynamically; Translated value found in fetched storefront HTML
products.reviews.country_names.nl,used_exact,Netherlands,True,True,False,True,sections/s--reviews.liquid,https://voldt.it/pages/diventare-partner; https://voldt.it/pages/reso-gratuito; https://voldt.it/products/cavo-di-ricarica-presa-comando-rossa-tipo-2-32a-trifase-regolabile-8a-32a-22kw; https://voldt.it/products/cavo-di-ricarica-presa-comando-tipo-da-2-a-16a-monofase-regolabile-8a-16a-3-7kw-ev; https://voldt.it/products/tipo-2-cee-modalita-3-regolabile-8a-16a-11kw; https://voldt.it/products/tipo-2-schuko-8a-16a-37kw; https://voldt.it/products/tipo-2-tipo-2-modalita-3-16a-11kw; https://voldt.it/products/tipo-2-tipo-2-modalita-3-32a-22kw; https://voldt.it/pages/in-quali-paesi-viaggiate-con-il-vostro-veicolo-elettrico,Exact key path found in source files; Namespace is known to be consumed dynamically; Translated value found in fetched storefront HTML
products.reviews.country_names.no,used_exact,Norway,True,True,False,True,sections/s--reviews.liquid,https://voldt.it/pages/diventare-partner; https://voldt.it/pages/reso-gratuito; https://voldt.it/products/cavo-di-ricarica-presa-comando-rossa-tipo-2-32a-trifase-regolabile-8a-32a-22kw; https://voldt.it/products/cavo-di-ricarica-presa-comando-tipo-da-2-a-16a-monofase-regolabile-8a-16a-3-7kw-ev; https://voldt.it/products/tipo-2-cee-modalita-3-regolabile-8a-16a-11kw; https://voldt.it/products/tipo-2-schuko-8a-16a-37kw; https://voldt.it/products/tipo-2-tipo-2-modalita-3-16a-11kw; https://voldt.it/products/tipo-2-tipo-2-modalita-3-32a-22kw,Exact key path found in source files; Namespace is known to be consumed dynamically; Translated value found in fetched storefront HTML
products.reviews.country_names.pl,used_exact,Poland,True,True,False,True,sections/s--reviews.liquid,https://voldt.it/pages/diventare-partner; https://voldt.it/pages/reso-gratuito; https://voldt.it/products/cavo-di-ricarica-presa-comando-rossa-tipo-2-32a-trifase-regolabile-8a-32a-22kw; https://voldt.it/products/cavo-di-ricarica-presa-comando-tipo-da-2-a-16a-monofase-regolabile-8a-16a-3-7kw-ev; https://voldt.it/products/tipo-2-cee-modalita-3-regolabile-8a-16a-11kw; https://voldt.it/products/tipo-2-schuko-8a-16a-37kw; https://voldt.it/products/tipo-2-tipo-2-modalita-3-16a-11kw; https://voldt.it/products/tipo-2-tipo-2-modalita-3-32a-22kw,Exact key path found in source files; Namespace is known to be consumed dynamically; Translated value found in fetched storefront HTML
products.reviews.country_names.pt,used_exact,Portugal,True,True,False,True,sections/s--reviews.liquid,https://voldt.it/pages/diventare-partner; https://voldt.it/pages/reso-gratuito; https://voldt.it/products/cavo-di-ricarica-presa-comando-rossa-tipo-2-32a-trifase-regolabile-8a-32a-22kw; https://voldt.it/products/cavo-di-ricarica-presa-comando-tipo-da-2-a-16a-monofase-regolabile-8a-16a-3-7kw-ev; https://voldt.it/products/tipo-2-cee-modalita-3-regolabile-8a-16a-11kw; https://voldt.it/products/tipo-2-schuko-8a-16a-37kw; https://voldt.it/products/tipo-2-tipo-2-modalita-3-16a-11kw; https://voldt.it/products/tipo-2-tipo-2-modalita-3-32a-22kw,Exact key path found in source files; Namespace is known to be consumed dynamically; Translated value found in fetched storefront HTML
products.reviews.country_names.se,used_exact,Sweden,True,True,False,True,sections/s--reviews.liquid,https://voldt.it/pages/diventare-partner; https://voldt.it/pages/reso-gratuito; https://voldt.it/products/cavo-di-ricarica-presa-comando-rossa-tipo-2-32a-trifase-regolabile-8a-32a-22kw; https://voldt.it/products/cavo-di-ricarica-presa-comando-tipo-da-2-a-16a-monofase-regolabile-8a-16a-3-7kw-ev; https://voldt.it/products/tipo-2-cee-modalita-3-regolabile-8a-16a-11kw; https://voldt.it/products/tipo-2-schuko-8a-16a-37kw; https://voldt.it/products/tipo-2-tipo-2-modalita-3-16a-11kw; https://voldt.it/products/tipo-2-tipo-2-modalita-3-32a-22kw,Exact key path found in source files; Namespace is known to be consumed dynamically; Translated value found in fetched storefront HTML
products.reviews.country_names.uk,used_exact,United Kingdom,True,True,False,True,sections/s--reviews.liquid,https://voldt.it/pages/diventare-partner; https://voldt.it/pages/reso-gratuito; https://voldt.it/products/cavo-di-ricarica-presa-comando-rossa-tipo-2-32a-trifase-regolabile-8a-32a-22kw; https://voldt.it/products/cavo-di-ricarica-presa-comando-tipo-da-2-a-16a-monofase-regolabile-8a-16a-3-7kw-ev; https://voldt.it/products/tipo-2-cee-modalita-3-regolabile-8a-16a-11kw; https://voldt.it/products/tipo-2-schuko-8a-16a-37kw; https://voldt.it/products/tipo-2-tipo-2-modalita-3-16a-11kw; https://voldt.it/products/tipo-2-tipo-2-modalita-3-32a-22kw; https://voldt.it/pages/in-quali-paesi-viaggiate-con-il-vostro-veicolo-elettrico,Exact key path found in source files; Namespace is known to be consumed dynamically; Translated value found in fetched storefront HTML
products.reviews.country_names.us,used_exact,United States,True,True,False,True,sections/s--reviews.liquid,https://voldt.it/pages/diventare-partner; https://voldt.it/pages/reso-gratuito; https://voldt.it/products/cavo-di-ricarica-presa-comando-rossa-tipo-2-32a-trifase-regolabile-8a-32a-22kw; https://voldt.it/products/cavo-di-ricarica-presa-comando-tipo-da-2-a-16a-monofase-regolabile-8a-16a-3-7kw-ev; https://voldt.it/products/tipo-2-cee-modalita-3-regolabile-8a-16a-11kw; https://voldt.it/products/tipo-2-schuko-8a-16a-37kw; https://voldt.it/products/tipo-2-tipo-2-modalita-3-16a-11kw; https://voldt.it/products/tipo-2-tipo-2-modalita-3-32a-22kw,Exact key path found in source files; Namespace is known to be consumed dynamically; Translated value found in fetched storefront HTML
products.reviews.error_loading_reviews,used_exact,Failed to load reviews. Please try again later.,True,False,False,False,sections/s--reviews.liquid,,Exact key path found in source files
products.reviews.filter_by_country,used_exact,Filter reviews by country,True,False,False,False,sections/s--reviews.liquid,,Exact key path found in source files
products.reviews.loading_reviews,used_exact,Loading reviews...,True,False,False,False,sections/s--reviews.liquid,,Exact key path found in source files
products.reviews.no_reviews_available,used_exact,No reviews available.,True,False,False,False,sections/s--reviews.liquid,,Exact key path found in source files
products.reviews.show_reviews_from,used_exact,Show reviews from:,True,False,False,False,sections/s--reviews.liquid,,Exact key path found in source files
sections.cart.cart,used_exact,Cart,True,False,False,True,snippets/_script-variables.liquid,https://voldt.it/; https://voldt.it/cart; https://voldt.it/collections/all; https://voldt.it/search?q=zzzzunlikelyquery&type=product&page=1; https://voldt.it/blogs/notizie; https://voldt.it/pages/faq; https://voldt.it/pages/diventare-partner; https://voldt.it/pages/reso-gratuito; https://voldt.it/products/cavo-di-ricarica-presa-comando-rossa-tipo-2-32a-trifase-regolabile-8a-32a-22kw; https://voldt.it/products/cavo-di-ricarica-presa-comando-tipo-da-2-a-16a-monofase-regolabile-8a-16a-3-7kw-ev; https://voldt.it/products/tipo-2-cee-modalita-3-regolabile-8a-16a-11kw; https://voldt.it/products/tipo-2-schuko-8a-16a-37kw; https://voldt.it/products/tipo-2-tipo-2-modalita-3-16a-11kw; https://voldt.it/products/tipo-2-tipo-2-modalita-3-32a-22kw; https://voldt.it/pages/algemeen; https://voldt.it/pages/autos; https://voldt.it/pages/garantie-en-reclamatie; https://voldt.it/pages/impressum; https://voldt.it/pages/in-quali-paesi-viaggiate-con-il-vostro-veicolo-elettrico; https://voldt.it/pages/informatie-levering; https://voldt.it/blogs/notizie/come-la-sezione-del-cavo-influisce-sulla-velocita-e-sulla-sicurezza-della-ricarica-ev; https://voldt.it/blogs/notizie/come-la-temperatura-influisce-sul-tuo-cavo-di-ricarica-per-veicoli-elettrici; https://voldt.it/blogs/notizie/perche-i-cavi-di-ricarica-ev-certificati-vengono-testati-singolarmente-prima-della-spedizione; https://voldt.it/blogs/notizie/perche-i-conducenti-di-ve-scelgono-cavi-di-ricarica-32a; https://voldt.it/blogs/notizie/quale-cavo-di-ricarica-dovrei-scegliere; https://voldt.it/blogs/notizie/tipi-di-cavi-di-ricarica-per-auto-elettriche-guida-completa,Exact key path found in source files; Translated value found in fetched storefront HTML
sections.cart.cart_error,used_exact,There was an error while updating your cart. Please try again.,True,False,False,False,snippets/_script-variables.liquid,,Exact key path found in source files
sections.cart.cart_quantity_error_html,used_exact,You can only add {{ quantity }} of this item to your cart.,True,False,False,False,snippets/_script-variables.liquid,,Exact key path found in source files
sections.cart.checkout,used_exact,Checkout,True,False,False,True,snippets/cart--main.liquid,https://voldt.it/; https://voldt.it/cart; https://voldt.it/collections/all; https://voldt.it/search?q=zzzzunlikelyquery&type=product&page=1; https://voldt.it/blogs/notizie; https://voldt.it/pages/faq; https://voldt.it/pages/diventare-partner; https://voldt.it/pages/reso-gratuito; https://voldt.it/products/cavo-di-ricarica-presa-comando-rossa-tipo-2-32a-trifase-regolabile-8a-32a-22kw; https://voldt.it/products/cavo-di-ricarica-presa-comando-tipo-da-2-a-16a-monofase-regolabile-8a-16a-3-7kw-ev; https://voldt.it/products/tipo-2-cee-modalita-3-regolabile-8a-16a-11kw; https://voldt.it/products/tipo-2-schuko-8a-16a-37kw; https://voldt.it/products/tipo-2-tipo-2-modalita-3-16a-11kw; https://voldt.it/products/tipo-2-tipo-2-modalita-3-32a-22kw; https://voldt.it/pages/algemeen; https://voldt.it/pages/autos; https://voldt.it/pages/garantie-en-reclamatie; https://voldt.it/pages/impressum; https://voldt.it/pages/in-quali-paesi-viaggiate-con-il-vostro-veicolo-elettrico; https://voldt.it/pages/informatie-levering; https://voldt.it/blogs/notizie/come-la-sezione-del-cavo-influisce-sulla-velocita-e-sulla-sicurezza-della-ricarica-ev; https://voldt.it/blogs/notizie/come-la-temperatura-influisce-sul-tuo-cavo-di-ricarica-per-veicoli-elettrici; https://voldt.it/blogs/notizie/perche-i-cavi-di-ricarica-ev-certificati-vengono-testati-singolarmente-prima-della-spedizione; https://voldt.it/blogs/notizie/perche-i-conducenti-di-ve-scelgono-cavi-di-ricarica-32a; https://voldt.it/blogs/notizie/quale-cavo-di-ricarica-dovrei-scegliere; https://voldt.it/blogs/notizie/tipi-di-cavi-di-ricarica-per-auto-elettriche-guida-completa,Exact key path found in source files; Translated value found in fetched storefront HTML
sections.cart.checkout_button_usp_text,used_exact,365 days returns & 10 years warranty,True,False,False,False,snippets/cart--main.liquid,,Exact key path found in source files
sections.cart.checkout_securely,used_exact,Checkout Securely,True,False,False,False,snippets/cart--main.liquid,,Exact key path found in source files
sections.cart.empty,used_exact,Your cart is empty,True,False,False,False,snippets/cart--main.liquid,,Exact key path found in source files
sections.cart.headings.price,runtime_value_seen,Price,False,False,False,True,,https://voldt.it/; https://voldt.it/cart; https://voldt.it/collections/all; https://voldt.it/products/cavo-di-ricarica-presa-comando-rossa-tipo-2-32a-trifase-regolabile-8a-32a-22kw; https://voldt.it/products/cavo-di-ricarica-presa-comando-tipo-da-2-a-16a-monofase-regolabile-8a-16a-3-7kw-ev; https://voldt.it/products/tipo-2-cee-modalita-3-regolabile-8a-16a-11kw; https://voldt.it/products/tipo-2-schuko-8a-16a-37kw; https://voldt.it/products/tipo-2-tipo-2-modalita-3-16a-11kw; https://voldt.it/products/tipo-2-tipo-2-modalita-3-32a-22kw; https://voldt.it/blogs/notizie/come-la-sezione-del-cavo-influisce-sulla-velocita-e-sulla-sicurezza-della-ricarica-ev; https://voldt.it/blogs/notizie/come-la-temperatura-influisce-sul-tuo-cavo-di-ricarica-per-veicoli-elettrici; https://voldt.it/blogs/notizie/perche-i-cavi-di-ricarica-ev-certificati-vengono-testati-singolarmente-prima-della-spedizione; https://voldt.it/blogs/notizie/perche-i-conducenti-di-ve-scelgono-cavi-di-ricarica-32a; https://voldt.it/blogs/notizie/tipi-di-cavi-di-ricarica-per-auto-elettriche-guida-completa,Translated value found in fetched storefront HTML
sections.cart.headings.product,runtime_value_seen,Product,False,False,False,True,,https://voldt.it/collections/all; https://voldt.it/search?q=zzzzunlikelyquery&type=product&page=1; https://voldt.it/pages/diventare-partner; https://voldt.it/products/cavo-di-ricarica-presa-comando-rossa-tipo-2-32a-trifase-regolabile-8a-32a-22kw; https://voldt.it/products/cavo-di-ricarica-presa-comando-tipo-da-2-a-16a-monofase-regolabile-8a-16a-3-7kw-ev; https://voldt.it/products/tipo-2-cee-modalita-3-regolabile-8a-16a-11kw; https://voldt.it/products/tipo-2-schuko-8a-16a-37kw; https://voldt.it/products/tipo-2-tipo-2-modalita-3-16a-11kw; https://voldt.it/products/tipo-2-tipo-2-modalita-3-32a-22kw,Translated value found in fetched storefront HTML
sections.cart.headings.quantity,runtime_value_seen,Quantity,False,False,False,True,,https://voldt.it/products/cavo-di-ricarica-presa-comando-rossa-tipo-2-32a-trifase-regolabile-8a-32a-22kw; https://voldt.it/products/cavo-di-ricarica-presa-comando-tipo-da-2-a-16a-monofase-regolabile-8a-16a-3-7kw-ev; https://voldt.it/products/tipo-2-cee-modalita-3-regolabile-8a-16a-11kw; https://voldt.it/products/tipo-2-schuko-8a-16a-37kw; https://voldt.it/products/tipo-2-tipo-2-modalita-3-16a-11kw; https://voldt.it/products/tipo-2-tipo-2-modalita-3-32a-22kw,Translated value found in fetched storefront HTML
sections.cart.headings.total,runtime_value_seen,Total,False,False,False,True,,https://voldt.it/cart,Translated value found in fetched storefront HTML
sections.cart.login.paragraph_html,used_exact,"<a href=""{{ link }}"" class=""link underline pr-2"">Log in</a> to check out faster.",True,False,False,False,snippets/cart--main.liquid,,Exact key path found in source files
sections.cart.login.title,used_exact,Have an account?,True,False,False,False,snippets/cart--main.liquid,,Exact key path found in source files
sections.cart.order_summary_label,used_exact,Order Summary,True,False,False,False,snippets/cart--main.liquid,,Exact key path found in source files
sections.cart.quantity_decrease,used_exact,minus,True,False,False,True,snippets/cart--items.liquid,https://voldt.it/products/cavo-di-ricarica-presa-comando-rossa-tipo-2-32a-trifase-regolabile-8a-32a-22kw; https://voldt.it/products/cavo-di-ricarica-presa-comando-tipo-da-2-a-16a-monofase-regolabile-8a-16a-3-7kw-ev; https://voldt.it/products/tipo-2-cee-modalita-3-regolabile-8a-16a-11kw; https://voldt.it/products/tipo-2-schuko-8a-16a-37kw; https://voldt.it/products/tipo-2-tipo-2-modalita-3-16a-11kw; https://voldt.it/products/tipo-2-tipo-2-modalita-3-32a-22kw,Exact key path found in source files; Translated value found in fetched storefront HTML
sections.cart.quantity_increase,used_exact,plus,True,False,False,True,snippets/cart--items.liquid,https://voldt.it/products/cavo-di-ricarica-presa-comando-rossa-tipo-2-32a-trifase-regolabile-8a-32a-22kw; https://voldt.it/products/cavo-di-ricarica-presa-comando-tipo-da-2-a-16a-monofase-regolabile-8a-16a-3-7kw-ev; https://voldt.it/products/tipo-2-cee-modalita-3-regolabile-8a-16a-11kw; https://voldt.it/products/tipo-2-schuko-8a-16a-37kw; https://voldt.it/products/tipo-2-tipo-2-modalita-3-16a-11kw; https://voldt.it/products/tipo-2-tipo-2-modalita-3-32a-22kw,Exact key path found in source files; Translated value found in fetched storefront HTML
sections.cart.shipping,used_exact,Shipping,True,False,False,True,snippets/cart--summary.liquid,https://voldt.it/; https://voldt.it/cart; https://voldt.it/collections/all; https://voldt.it/search?q=zzzzunlikelyquery&type=product&page=1; https://voldt.it/blogs/notizie; https://voldt.it/pages/faq; https://voldt.it/pages/diventare-partner; https://voldt.it/pages/reso-gratuito; https://voldt.it/products/cavo-di-ricarica-presa-comando-rossa-tipo-2-32a-trifase-regolabile-8a-32a-22kw; https://voldt.it/products/cavo-di-ricarica-presa-comando-tipo-da-2-a-16a-monofase-regolabile-8a-16a-3-7kw-ev; https://voldt.it/products/tipo-2-cee-modalita-3-regolabile-8a-16a-11kw; https://voldt.it/products/tipo-2-schuko-8a-16a-37kw; https://voldt.it/products/tipo-2-tipo-2-modalita-3-16a-11kw; https://voldt.it/products/tipo-2-tipo-2-modalita-3-32a-22kw; https://voldt.it/pages/algemeen; https://voldt.it/pages/autos; https://voldt.it/pages/garantie-en-reclamatie; https://voldt.it/pages/impressum; https://voldt.it/pages/in-quali-paesi-viaggiate-con-il-vostro-veicolo-elettrico; https://voldt.it/pages/informatie-levering; https://voldt.it/blogs/notizie/come-la-sezione-del-cavo-influisce-sulla-velocita-e-sulla-sicurezza-della-ricarica-ev; https://voldt.it/blogs/notizie/come-la-temperatura-influisce-sul-tuo-cavo-di-ricarica-per-veicoli-elettrici; https://voldt.it/blogs/notizie/perche-i-cavi-di-ricarica-ev-certificati-vengono-testati-singolarmente-prima-della-spedizione; https://voldt.it/blogs/notizie/perche-i-conducenti-di-ve-scelgono-cavi-di-ricarica-32a; https://voldt.it/blogs/notizie/quale-cavo-di-ricarica-dovrei-scegliere; https://voldt.it/blogs/notizie/tipi-di-cavi-di-ricarica-per-auto-elettriche-guida-completa,Exact key path found in source files; Translated value found in fetched storefront HTML
sections.cart.shipping_text,used_exact,Calculated at checkout,True,False,False,False,snippets/cart--summary.liquid,,Exact key path found in source files
sections.cart.store_credit,used_exact,Store credit (if applied),True,False,False,False,snippets/cart--main.liquid; snippets/cart--summary.liquid,,Exact key path found in source files
sections.cart.store_credit_text_html,used_exact,"You have a <span class=""text-green"">{{ amount }}</span> store credit that you can use at checkout",True,False,False,False,snippets/cart--main.liquid,,Exact key path found in source files
sections.cart.subtotal,used_exact,Subtotal,True,False,False,False,snippets/cart--summary.liquid,,Exact key path found in source files
sections.cart.total,used_exact,Total,True,False,False,True,snippets/cart--summary.liquid,https://voldt.it/cart,Exact key path found in source files; Translated value found in fetched storefront HTML
sections.cart.trust_subtext_default,used_exact,Buyer protection available in the next steps,True,False,False,False,snippets/cart--main.liquid,,Exact key path found in source files
sections.cart.trust_title_default,used_exact,Order with confidence.,True,False,False,False,snippets/cart--main.liquid,,Exact key path found in source files
sections.cart.upsell_added,used_exact,Added!,True,False,False,False,snippets/cart--upsell.liquid,,Exact key path found in source files
sections.cart.upsell_error,used_exact,Error,True,False,False,True,snippets/cart--upsell.liquid,https://voldt.it/; https://voldt.it/cart; https://voldt.it/collections/all; https://voldt.it/search?q=zzzzunlikelyquery&type=product&page=1; https://voldt.it/blogs/notizie; https://voldt.it/pages/faq; https://voldt.it/pages/diventare-partner; https://voldt.it/pages/reso-gratuito; https://voldt.it/products/cavo-di-ricarica-presa-comando-rossa-tipo-2-32a-trifase-regolabile-8a-32a-22kw; https://voldt.it/products/cavo-di-ricarica-presa-comando-tipo-da-2-a-16a-monofase-regolabile-8a-16a-3-7kw-ev; https://voldt.it/products/tipo-2-cee-modalita-3-regolabile-8a-16a-11kw; https://voldt.it/products/tipo-2-schuko-8a-16a-37kw; https://voldt.it/products/tipo-2-tipo-2-modalita-3-16a-11kw; https://voldt.it/products/tipo-2-tipo-2-modalita-3-32a-22kw; https://voldt.it/pages/algemeen; https://voldt.it/pages/autos; https://voldt.it/pages/garantie-en-reclamatie; https://voldt.it/pages/impressum; https://voldt.it/pages/in-quali-paesi-viaggiate-con-il-vostro-veicolo-elettrico; https://voldt.it/pages/informatie-levering; https://voldt.it/blogs/notizie/come-la-sezione-del-cavo-influisce-sulla-velocita-e-sulla-sicurezza-della-ricarica-ev; https://voldt.it/blogs/notizie/come-la-temperatura-influisce-sul-tuo-cavo-di-ricarica-per-veicoli-elettrici; https://voldt.it/blogs/notizie/perche-i-cavi-di-ricarica-ev-certificati-vengono-testati-singolarmente-prima-della-spedizione; https://voldt.it/blogs/notizie/perche-i-conducenti-di-ve-scelgono-cavi-di-ricarica-32a; https://voldt.it/blogs/notizie/quale-cavo-di-ricarica-dovrei-scegliere; https://voldt.it/blogs/notizie/tipi-di-cavi-di-ricarica-per-auto-elettriche-guida-completa,Exact key path found in source files; Translated value found in fetched storefront HTML
sections.collection_template.empty,used_exact,No products found,True,False,False,False,sections/collection--main.liquid; sections/search--collection-main.liquid,,Exact key path found in source files
sections.collection_template.shop_now,used_exact,Or shop all products,True,False,False,False,sections/collection--main.liquid; sections/search--collection-main.liquid,,Exact key path found in source files
sections.collection_template.title,runtime_value_seen,Collection,False,False,False,True,,https://voldt.it/; https://voldt.it/cart; https://voldt.it/collections/all; https://voldt.it/search?q=zzzzunlikelyquery&type=product&page=1; https://voldt.it/blogs/notizie; https://voldt.it/pages/faq; https://voldt.it/pages/diventare-partner; https://voldt.it/pages/reso-gratuito; https://voldt.it/products/cavo-di-ricarica-presa-comando-rossa-tipo-2-32a-trifase-regolabile-8a-32a-22kw; https://voldt.it/products/cavo-di-ricarica-presa-comando-tipo-da-2-a-16a-monofase-regolabile-8a-16a-3-7kw-ev; https://voldt.it/products/tipo-2-cee-modalita-3-regolabile-8a-16a-11kw; https://voldt.it/products/tipo-2-schuko-8a-16a-37kw; https://voldt.it/products/tipo-2-tipo-2-modalita-3-16a-11kw; https://voldt.it/products/tipo-2-tipo-2-modalita-3-32a-22kw; https://voldt.it/pages/algemeen; https://voldt.it/pages/autos; https://voldt.it/pages/garantie-en-reclamatie; https://voldt.it/pages/impressum; https://voldt.it/pages/in-quali-paesi-viaggiate-con-il-vostro-veicolo-elettrico; https://voldt.it/pages/informatie-levering; https://voldt.it/blogs/notizie/come-la-sezione-del-cavo-influisce-sulla-velocita-e-sulla-sicurezza-della-ricarica-ev; https://voldt.it/blogs/notizie/come-la-temperatura-influisce-sul-tuo-cavo-di-ricarica-per-veicoli-elettrici; https://voldt.it/blogs/notizie/perche-i-cavi-di-ricarica-ev-certificati-vengono-testati-singolarmente-prima-della-spedizione; https://voldt.it/blogs/notizie/perche-i-conducenti-di-ve-scelgono-cavi-di-ricarica-32a; https://voldt.it/blogs/notizie/quale-cavo-di-ricarica-dovrei-scegliere; https://voldt.it/blogs/notizie/tipi-di-cavi-di-ricarica-per-auto-elettriche-guida-completa,Translated value found in fetched storefront HTML
sections.collection_template.use_fewer_filters_html,used_exact,"Use fewer filters or <a class=""{{ class }}"" href=""{{ link }}"">remove all</a>",True,False,False,False,sections/collection--main.liquid; sections/search--collection-main.liquid,,Exact key path found in source files
sections.collections_standard.aria_label,used_exact,Collections list,True,False,False,False,sections/list-collections--standard.liquid; sections/list-collections--main.liquid,,Exact key path found in source files
sections.collections_standard.empty,used_exact,No collections found,True,False,False,False,sections/list-collections--standard.liquid,,Exact key path found in source files
sections.collections_standard.heading,used_exact,All collections,True,False,False,False,sections/list-collections--standard.liquid; sections/list-collections--main.liquid,,Exact key path found in source files
sections.collections_standard.product_count,used_exact,{{ count }} products,True,False,False,False,sections/list-collections--standard.liquid,,Exact key path found in source files
sections.find_your_cable.select_car_socket,used_exact,Select your car's socket,True,False,False,False,sections/s--find-your-cable.liquid,,Exact key path found in source files
sections.find_your_cable.shop_cables,used_exact,Shop {{ from }} to {{ to }} cables,True,False,False,False,sections/s--find-your-cable.liquid,,Exact key path found in source files
sections.header.all_collection,used_exact,All {{ collection }},True,False,False,False,snippets/header--menu-drawer.liquid,,Exact key path found in source files
sections.header.menu,runtime_value_seen,Menu,False,False,False,True,,https://voldt.it/; https://voldt.it/cart; https://voldt.it/collections/all; https://voldt.it/search?q=zzzzunlikelyquery&type=product&page=1; https://voldt.it/blogs/notizie; https://voldt.it/pages/faq; https://voldt.it/pages/diventare-partner; https://voldt.it/pages/reso-gratuito; https://voldt.it/products/cavo-di-ricarica-presa-comando-rossa-tipo-2-32a-trifase-regolabile-8a-32a-22kw; https://voldt.it/products/cavo-di-ricarica-presa-comando-tipo-da-2-a-16a-monofase-regolabile-8a-16a-3-7kw-ev; https://voldt.it/products/tipo-2-cee-modalita-3-regolabile-8a-16a-11kw; https://voldt.it/products/tipo-2-schuko-8a-16a-37kw; https://voldt.it/products/tipo-2-tipo-2-modalita-3-16a-11kw; https://voldt.it/products/tipo-2-tipo-2-modalita-3-32a-22kw; https://voldt.it/pages/algemeen; https://voldt.it/pages/autos; https://voldt.it/pages/garantie-en-reclamatie; https://voldt.it/pages/impressum; https://voldt.it/pages/in-quali-paesi-viaggiate-con-il-vostro-veicolo-elettrico; https://voldt.it/pages/informatie-levering; https://voldt.it/blogs/notizie/come-la-sezione-del-cavo-influisce-sulla-velocita-e-sulla-sicurezza-della-ricarica-ev; https://voldt.it/blogs/notizie/come-la-temperatura-influisce-sul-tuo-cavo-di-ricarica-per-veicoli-elettrici; https://voldt.it/blogs/notizie/perche-i-cavi-di-ricarica-ev-certificati-vengono-testati-singolarmente-prima-della-spedizione; https://voldt.it/blogs/notizie/perche-i-conducenti-di-ve-scelgono-cavi-di-ricarica-32a; https://voldt.it/blogs/notizie/quale-cavo-di-ricarica-dovrei-scegliere; https://voldt.it/blogs/notizie/tipi-di-cavi-di-ricarica-per-auto-elettriche-guida-completa,Translated value found in fetched storefront HTML
sections.header.view_all,used_exact,View all,True,False,False,False,snippets/header--menu-drawer.liquid,,Exact key path found in source files
sections.product_feed.collections,runtime_value_seen,Collections,False,False,False,True,,https://voldt.it/products/cavo-di-ricarica-presa-comando-rossa-tipo-2-32a-trifase-regolabile-8a-32a-22kw; https://voldt.it/products/cavo-di-ricarica-presa-comando-tipo-da-2-a-16a-monofase-regolabile-8a-16a-3-7kw-ev; https://voldt.it/products/tipo-2-cee-modalita-3-regolabile-8a-16a-11kw; https://voldt.it/products/tipo-2-schuko-8a-16a-37kw; https://voldt.it/products/tipo-2-tipo-2-modalita-3-16a-11kw; https://voldt.it/products/tipo-2-tipo-2-modalita-3-32a-22kw,Translated value found in fetched storefront HTML
sections.product_feed.filters,runtime_value_seen,Filters,False,False,False,True,,https://voldt.it/collections/all; https://voldt.it/products/cavo-di-ricarica-presa-comando-rossa-tipo-2-32a-trifase-regolabile-8a-32a-22kw; https://voldt.it/products/cavo-di-ricarica-presa-comando-tipo-da-2-a-16a-monofase-regolabile-8a-16a-3-7kw-ev; https://voldt.it/products/tipo-2-cee-modalita-3-regolabile-8a-16a-11kw; https://voldt.it/products/tipo-2-schuko-8a-16a-37kw; https://voldt.it/products/tipo-2-tipo-2-modalita-3-16a-11kw; https://voldt.it/products/tipo-2-tipo-2-modalita-3-32a-22kw,Translated value found in fetched storefront HTML
sections.slideshow.pause_slideshow,used_exact,Pause slideshow,True,False,False,False,snippets/_script-variables.liquid,,Exact key path found in source files
sections.slideshow.play_slideshow,used_exact,Play slideshow,True,False,False,False,snippets/_script-variables.liquid,,Exact key path found in source files
sections.slideshow.slide,runtime_value_seen,Slide,False,False,False,True,,https://voldt.it/; https://voldt.it/cart; https://voldt.it/collections/all; https://voldt.it/search?q=zzzzunlikelyquery&type=product&page=1; https://voldt.it/blogs/notizie; https://voldt.it/pages/faq; https://voldt.it/pages/diventare-partner; https://voldt.it/pages/reso-gratuito; https://voldt.it/products/cavo-di-ricarica-presa-comando-rossa-tipo-2-32a-trifase-regolabile-8a-32a-22kw; https://voldt.it/products/cavo-di-ricarica-presa-comando-tipo-da-2-a-16a-monofase-regolabile-8a-16a-3-7kw-ev; https://voldt.it/products/tipo-2-cee-modalita-3-regolabile-8a-16a-11kw; https://voldt.it/products/tipo-2-schuko-8a-16a-37kw; https://voldt.it/products/tipo-2-tipo-2-modalita-3-16a-11kw; https://voldt.it/products/tipo-2-tipo-2-modalita-3-32a-22kw; https://voldt.it/pages/algemeen; https://voldt.it/pages/autos; https://voldt.it/pages/garantie-en-reclamatie; https://voldt.it/pages/impressum; https://voldt.it/pages/in-quali-paesi-viaggiate-con-il-vostro-veicolo-elettrico; https://voldt.it/pages/informatie-levering; https://voldt.it/blogs/notizie/come-la-sezione-del-cavo-influisce-sulla-velocita-e-sulla-sicurezza-della-ricarica-ev; https://voldt.it/blogs/notizie/come-la-temperatura-influisce-sul-tuo-cavo-di-ricarica-per-veicoli-elettrici; https://voldt.it/blogs/notizie/perche-i-cavi-di-ricarica-ev-certificati-vengono-testati-singolarmente-prima-della-spedizione; https://voldt.it/blogs/notizie/perche-i-conducenti-di-ve-scelgono-cavi-di-ricarica-32a; https://voldt.it/blogs/notizie/quale-cavo-di-ricarica-dovrei-scegliere; https://voldt.it/blogs/notizie/tipi-di-cavi-di-ricarica-per-auto-elettriche-guida-completa,Translated value found in fetched storefront HTML
templates.404.subtext,runtime_value_seen,404,False,False,False,True,,https://voldt.it/; https://voldt.it/cart; https://voldt.it/collections/all; https://voldt.it/search?q=zzzzunlikelyquery&type=product&page=1; https://voldt.it/blogs/notizie; https://voldt.it/pages/faq; https://voldt.it/pages/diventare-partner; https://voldt.it/pages/reso-gratuito; https://voldt.it/products/cavo-di-ricarica-presa-comando-rossa-tipo-2-32a-trifase-regolabile-8a-32a-22kw; https://voldt.it/products/cavo-di-ricarica-presa-comando-tipo-da-2-a-16a-monofase-regolabile-8a-16a-3-7kw-ev; https://voldt.it/products/tipo-2-cee-modalita-3-regolabile-8a-16a-11kw; https://voldt.it/products/tipo-2-schuko-8a-16a-37kw; https://voldt.it/products/tipo-2-tipo-2-modalita-3-16a-11kw; https://voldt.it/products/tipo-2-tipo-2-modalita-3-32a-22kw; https://voldt.it/pages/algemeen; https://voldt.it/pages/autos; https://voldt.it/pages/garantie-en-reclamatie; https://voldt.it/pages/impressum; https://voldt.it/pages/in-quali-paesi-viaggiate-con-il-vostro-veicolo-elettrico; https://voldt.it/pages/informatie-levering; https://voldt.it/blogs/notizie/come-la-sezione-del-cavo-influisce-sulla-velocita-e-sulla-sicurezza-della-ricarica-ev; https://voldt.it/blogs/notizie/come-la-temperatura-influisce-sul-tuo-cavo-di-ricarica-per-veicoli-elettrici; https://voldt.it/blogs/notizie/perche-i-cavi-di-ricarica-ev-certificati-vengono-testati-singolarmente-prima-della-spedizione; https://voldt.it/blogs/notizie/perche-i-conducenti-di-ve-scelgono-cavi-di-ricarica-32a; https://voldt.it/blogs/notizie/quale-cavo-di-ricarica-dovrei-scegliere; https://voldt.it/blogs/notizie/tipi-di-cavi-di-ricarica-per-auto-elettriche-guida-completa,Translated value found in fetched storefront HTML
templates.cart.cart,used_exact,Cart,True,False,False,True,sections/header.liquid,https://voldt.it/; https://voldt.it/cart; https://voldt.it/collections/all; https://voldt.it/search?q=zzzzunlikelyquery&type=product&page=1; https://voldt.it/blogs/notizie; https://voldt.it/pages/faq; https://voldt.it/pages/diventare-partner; https://voldt.it/pages/reso-gratuito; https://voldt.it/products/cavo-di-ricarica-presa-comando-rossa-tipo-2-32a-trifase-regolabile-8a-32a-22kw; https://voldt.it/products/cavo-di-ricarica-presa-comando-tipo-da-2-a-16a-monofase-regolabile-8a-16a-3-7kw-ev; https://voldt.it/products/tipo-2-cee-modalita-3-regolabile-8a-16a-11kw; https://voldt.it/products/tipo-2-schuko-8a-16a-37kw; https://voldt.it/products/tipo-2-tipo-2-modalita-3-16a-11kw; https://voldt.it/products/tipo-2-tipo-2-modalita-3-32a-22kw; https://voldt.it/pages/algemeen; https://voldt.it/pages/autos; https://voldt.it/pages/garantie-en-reclamatie; https://voldt.it/pages/impressum; https://voldt.it/pages/in-quali-paesi-viaggiate-con-il-vostro-veicolo-elettrico; https://voldt.it/pages/informatie-levering; https://voldt.it/blogs/notizie/come-la-sezione-del-cavo-influisce-sulla-velocita-e-sulla-sicurezza-della-ricarica-ev; https://voldt.it/blogs/notizie/come-la-temperatura-influisce-sul-tuo-cavo-di-ricarica-per-veicoli-elettrici; https://voldt.it/blogs/notizie/perche-i-cavi-di-ricarica-ev-certificati-vengono-testati-singolarmente-prima-della-spedizione; https://voldt.it/blogs/notizie/perche-i-conducenti-di-ve-scelgono-cavi-di-ricarica-32a; https://voldt.it/blogs/notizie/quale-cavo-di-ricarica-dovrei-scegliere; https://voldt.it/blogs/notizie/tipi-di-cavi-di-ricarica-per-auto-elettriche-guida-completa,Exact key path found in source files; Translated value found in fetched storefront HTML
templates.contact.form.comment,used_exact,Message,True,False,False,False,sections/s--contact-form.liquid,,Exact key path found in source files
templates.contact.form.email,runtime_value_seen,Email,False,False,False,True,,https://voldt.it/pages/diventare-partner; https://voldt.it/pages/reso-gratuito; https://voldt.it/products/cavo-di-ricarica-presa-comando-rossa-tipo-2-32a-trifase-regolabile-8a-32a-22kw; https://voldt.it/products/cavo-di-ricarica-presa-comando-tipo-da-2-a-16a-monofase-regolabile-8a-16a-3-7kw-ev; https://voldt.it/products/tipo-2-cee-modalita-3-regolabile-8a-16a-11kw; https://voldt.it/products/tipo-2-schuko-8a-16a-37kw; https://voldt.it/products/tipo-2-tipo-2-modalita-3-16a-11kw; https://voldt.it/products/tipo-2-tipo-2-modalita-3-32a-22kw,Translated value found in fetched storefront HTML
templates.contact.form.error_heading,used_exact,Please adjust the following:,True,False,False,False,snippets/product--gift-card-recipient-form.liquid,,Exact key path found in source files
templates.contact.form.name,used_exact,Name,True,False,False,True,sections/s--contact-form.liquid,https://voldt.it/; https://voldt.it/cart; https://voldt.it/collections/all; https://voldt.it/search?q=zzzzunlikelyquery&type=product&page=1; https://voldt.it/blogs/notizie; https://voldt.it/pages/faq; https://voldt.it/pages/diventare-partner; https://voldt.it/pages/reso-gratuito; https://voldt.it/products/cavo-di-ricarica-presa-comando-rossa-tipo-2-32a-trifase-regolabile-8a-32a-22kw; https://voldt.it/products/cavo-di-ricarica-presa-comando-tipo-da-2-a-16a-monofase-regolabile-8a-16a-3-7kw-ev; https://voldt.it/products/tipo-2-cee-modalita-3-regolabile-8a-16a-11kw; https://voldt.it/products/tipo-2-schuko-8a-16a-37kw; https://voldt.it/products/tipo-2-tipo-2-modalita-3-16a-11kw; https://voldt.it/products/tipo-2-tipo-2-modalita-3-32a-22kw; https://voldt.it/pages/algemeen; https://voldt.it/pages/autos; https://voldt.it/pages/garantie-en-reclamatie; https://voldt.it/pages/impressum; https://voldt.it/pages/in-quali-paesi-viaggiate-con-il-vostro-veicolo-elettrico; https://voldt.it/pages/informatie-levering; https://voldt.it/blogs/notizie/come-la-sezione-del-cavo-influisce-sulla-velocita-e-sulla-sicurezza-della-ricarica-ev; https://voldt.it/blogs/notizie/come-la-temperatura-influisce-sul-tuo-cavo-di-ricarica-per-veicoli-elettrici; https://voldt.it/blogs/notizie/perche-i-cavi-di-ricarica-ev-certificati-vengono-testati-singolarmente-prima-della-spedizione; https://voldt.it/blogs/notizie/perche-i-conducenti-di-ve-scelgono-cavi-di-ricarica-32a; https://voldt.it/blogs/notizie/quale-cavo-di-ricarica-dovrei-scegliere; https://voldt.it/blogs/notizie/tipi-di-cavi-di-ricarica-per-auto-elettriche-guida-completa,Exact key path found in source files; Translated value found in fetched storefront HTML
templates.contact.form.phone,used_exact,Phone number,True,False,False,False,sections/s--contact-form.liquid,,Exact key path found in source files
templates.contact.form.post_success,used_exact,Thanks for contacting us. We'll get back to you as soon as possible.,True,False,False,False,sections/s--contact-form.liquid,,Exact key path found in source files
templates.contact.form.send,used_exact,Submit Message,True,False,False,False,sections/s--contact-form.liquid,,Exact key path found in source files
templates.search.no_results,used_exact,"No products found for ""{{ terms }}""",True,False,False,False,sections/api--search--predictive.liquid; sections/api--blog-search.liquid,,Exact key path found in source files
templates.search.no_results_for_type,used_exact,"No products found for ""{{ terms }}"" in ""{{ type }}""",True,False,False,False,sections/api--search--predictive.liquid,,Exact key path found in source files
templates.search.page,runtime_value_seen,Page,False,False,False,True,,https://voldt.it/blogs/notizie/come-la-sezione-del-cavo-influisce-sulla-velocita-e-sulla-sicurezza-della-ricarica-ev; https://voldt.it/blogs/notizie/come-la-temperatura-influisce-sul-tuo-cavo-di-ricarica-per-veicoli-elettrici; https://voldt.it/blogs/notizie/perche-i-cavi-di-ricarica-ev-certificati-vengono-testati-singolarmente-prima-della-spedizione; https://voldt.it/blogs/notizie/perche-i-conducenti-di-ve-scelgono-cavi-di-ricarica-32a; https://voldt.it/blogs/notizie/quale-cavo-di-ricarica-dovrei-scegliere; https://voldt.it/blogs/notizie/tipi-di-cavi-di-ricarica-per-auto-elettriche-guida-completa,Translated value found in fetched storefront HTML
templates.search.search_for,used_exact,"View all products for ""{{ terms }}""",True,False,False,False,snippets/header--predictive-search.liquid; sections/api--search--predictive.liquid,,Exact key path found in source files
templates.search.search_for_type,used_exact,"View all products for ""{{ terms }}"" in ""{{ type }}""",True,False,False,False,snippets/header--predictive-search.liquid; sections/api--search--predictive.liquid,,Exact key path found in source files
